i06,e08,c5,p05,l2,2032
i06,e10,c5,p21,l3,31922
i38,e10,c1,p10,l3,55970
i14,e08,c5,p17,l3,12
i06,e12,c5,p05,l3,972
i06,e11,c5,p05,l2,858
i39,e04,c5,p22,l3,22
i06,e12,c5,p15,l3,553
i06,e04,c5,p07,l1,146
i17,e04,c5,p13,l3,40
i06,e11,c5,p28,l2,88
i14,e04,c5,p10,l3,79
i17,e04,c5,p19,l3,191
i17,e09,c5,p19,l3,55
i02,e09,c1,p19,l3,607
i05,e04,c1,p19,l3,17
i66,e04,c3,p14,l3,1
i38,e11,c1,p15,l2,149
i01,e08,c1,p15,l3,17
i16,e01,c5,p16,l3,1
i38,e11,c1,p32,l2,36
i38,e04,c1,p03,l1,47
i02,e08,c1,p07,l3,71
i03,e08,c5,p10,l3,14
i06,e10,c5,p30,l3,175
i38,e06,c1,p28,l3,150
i38,e10,c1,p13,l1,43
i17,e11,c5,p01,l3,308
i02,e09,c1,p14,l3,73
i06,e10,c5,p15,l2,83
i06,e10,c5,p24,l1,29
i41,e08,c1,p03,l3,164
i05,e11,c1,p19,l3,19
i38,e01,c1,p05,l3,22
i28,e04,c1,p35,l3,20
i02,e04,c1,p24,l3,26
i05,e04,c1,p13,l3,1
i38,e09,c1,p32,l2,24
i38,e08,c7,p10,l2,14
i03,e09,c5,p16,l3,2
i13,e11,c5,p03,l3,9
i06,e01,c5,p02,l3,44
i14,e08,c5,p04,l3,6
i02,e04,c1,p32,l3,9
i12,e01,c5,p11,l3,2
i14,e04,c5,p01,l3,2
i38,e01,c1,p30,l3,2
i14,e09,c5,p14,l3,2
i06,e11,c3,p15,l2,17
i02,e09,c1,p35,l3,91
i01,e08,c1,p02,l3,6
i06,e05,c3,p29,l1,1
i03,e04,c5,p10,l3,6
i16,e08,c5,p22,l3,3
i42,e05,c3,p02,l3,14
i38,e10,c4,p05,l2,4
i06,e07,c5,p10,l2,3
i05,e12,c1,p29,l3,9
i17,e09,c5,p24,l3,7
i67,e11,c5,p10,l3,6
i42,e05,c5,p15,l3,9
i01,e08,c1,p06,l3,5
i09,e09,c5,p21,l3,2
i01,e04,c1,p12,l3,1
i05,e07,c1,p29,l3,4
i23,e01,c5,p13,l3,7
i34,e04,c5,p29,l3,7
i38,e10,c4,p31,l3,10
i02,e09,c1,p32,l3,4
i38,e12,c1,p02,l3,1
i21,e03,c1,p29,l3,1
i06,e05,c5,p11,l1,1
i41,e13,c1,p10,l3,1
i33,e03,c1,p10,l3,4
i23,e03,c5,p13,l3,2
i05,e08,c1,p08,l3,4
i42,e02,c3,p19,l3,2
i17,e11,c3,p25,l3,3
i14,e08,c3,p28,l3,1
i22,e05,c5,p05,l3,2
i38,e09,c1,unknown,l2,1
i16,e11,c5,p07,l3,1
i18,e07,c1,p35,l3,1
i12,e01,c5,p05,l3,1
i38,e10,c1,p11,l3,9249
i06,e10,c5,p06,l3,17919
i38,e11,c1,p31,l2,11
i06,e11,c5,p10,l2,2611
i06,e04,c5,p32,l1,69
i06,e10,c5,p20,l3,3809
i23,e08,c5,p19,l3,23
i46,e09,c1,p03,l3,13
i01,e08,c1,p19,l3,42
i17,e01,c5,p10,l3,83
i05,e12,c1,p10,l3,64
i38,e06,c1,p07,l3,519
i06,e07,c5,p15,l2,4
i12,e08,c5,p03,l3,8
i46,e08,c1,p21,l3,15
i06,e01,c5,p06,l3,59
i02,e01,c1,p17,l3,80
i38,e08,c1,p15,l2,72
i06,e10,c5,p15,l1,71
i30,e01,c1,p05,l3,10
i13,e12,c5,p16,l3,9
i42,e05,c3,p07,l3,95
i06,e01,c5,p12,l3,48
i27,e04,c5,p01,l3,4
i38,e10,c4,p08,l4,40
i34,e03,c5,p23,l3,43
i38,e01,c1,p23,l3,6
i02,e04,c1,p20,l3,8
i43,e04,c1,p21,l3,6
i06,e08,c3,p05,l2,11
i23,e04,c5,p10,l3,8
i39,e01,c5,p18,l3,18
i38,e10,c4,p10,l2,26
i38,e10,c4,p11,l4,50
i34,e09,c5,p24,l3,2
i39,e04,c5,p03,l3,23
i43,e03,c1,p10,l3,2
i38,e10,c4,p02,l4,7
i02,e11,c1,p14,l3,1
i38,e10,c7,p01,l4,3
i03,e10,c5,p14,l3,11
i17,e01,c5,p14,l3,6
i23,e09,c5,p13,l3,7
i02,e08,c4,p35,l3,1
i43,e01,c1,p11,l3,8
i13,e11,c5,p05,l3,4
i39,e09,c5,p20,l3,1
i33,e03,c1,p03,l3,2
i05,e06,c1,p11,l3,2
i38,e10,c1,p32,l1,2
i41,e08,c1,p05,l3,2
i06,e07,c5,p28,l2,2
i13,e11,c5,p35,l3,1
i01,e09,c1,p28,l3,1
i38,e08,c4,p03,l2,1
i46,e06,c4,p07,l3,1
i06,e10,c5,p19,l3,76880
i38,e10,c1,p13,l3,9837
i38,e08,c1,p05,l2,99
i16,e09,c5,p24,l3,3
i38,e06,c1,p17,l3,521
i06,e10,c5,p29,l3,17747
i12,e08,c5,p19,l3,31
i38,e10,c1,p23,l4,380
i14,e08,c5,p10,l3,90
i17,e04,c5,p11,l3,49
i17,e08,c5,p31,l3,17
i06,e11,c5,p09,l2,221
i06,e10,c5,p31,l3,2348
i27,e08,c5,p16,l3,1
i06,e10,c5,p32,l4,671
i38,e01,c1,p24,l3,18
i38,e09,c1,p05,l2,31
i02,e09,c1,p16,l3,87
i01,e11,c1,p21,l3,4
i06,e10,c5,p14,l1,20
i38,e12,c1,p01,l3,304
i06,e10,c5,p06,l1,41
i06,e09,c5,p11,l2,57
i30,e09,c1,p19,l3,17
i38,e09,c1,p09,l2,7
i14,e12,c5,p15,l3,2
i38,e10,c1,p07,l2,40
i38,e11,c7,p10,l2,3
i38,e11,c1,p28,l2,20
i05,e06,c1,p04,l3,1
i38,e12,c1,p11,l3,120
i47,e09,c4,p35,l3,2
i41,e07,c1,p35,l3,17
i38,e09,c1,p07,l2,34
i34,e08,c5,p07,l3,3
i14,e08,c5,p06,l3,14
i06,e10,c3,p28,l3,15
i05,e09,c1,p05,l3,8
i46,e04,c1,p19,l3,4
i30,e09,c1,p18,l3,1
i17,e04,c5,p20,l3,10
i16,e11,c5,p11,l3,1
i27,e01,c5,p16,l3,1
i38,e12,c1,p06,l3,5
i14,e04,c5,p05,l3,3
i23,e01,c5,p04,l3,1
i03,e01,c5,p05,l3,1
i01,e01,c1,p22,l3,4
i47,e04,c4,p35,l3,3
i14,e08,c5,p09,l3,1
i16,e09,c5,p09,l3,2
i14,e02,c5,p07,l3,1
i05,e01,c1,p08,l3,1
i43,e09,c1,p23,l3,1
i43,e04,c1,p17,l3,1
i38,e08,c1,p30,l2,1
i46,e01,c1,p07,l3,2
i09,e04,c5,p21,l3,1
i38,e10,c1,p14,l1,2
i07,e12,c5,p16,l3,1
i02,e01,c4,p28,l3,1
i14,e01,c5,p35,l3,1
i16,e09,c5,p16,l3,5
i38,e10,c1,p12,l4,1135
i06,e08,c5,p03,l2,1459
i46,e09,c1,p35,l3,452
i02,e04,c1,p10,l3,311
i14,e08,c5,p11,l3,48
i06,e11,c5,p31,l2,23
i06,e12,c5,p22,l3,161
i12,e01,c5,p10,l3,6
i38,e10,c1,p23,l3,1408
i06,e01,c5,p26,l3,11
i02,e09,c1,p03,l3,96
i06,e07,c5,p03,l2,4
i39,e04,c5,p14,l3,17
i16,e08,c5,p29,l3,16
i39,e04,c5,p05,l3,31
i46,e04,c1,p03,l3,3
i42,e02,c5,p01,l3,1
i06,e09,c5,p13,l2,40
i03,e04,c5,p20,l3,2
i42,e05,c5,p14,l3,18
i02,e01,c1,p23,l3,33
i06,e10,c5,p26,l4,171
i38,e10,c1,unknown,l4,12
i06,e10,c3,p19,l4,10
i17,e11,c5,p29,l3,74
i43,e04,c1,p19,l3,6
i34,e04,c5,p19,l3,105
i46,e01,c1,p05,l3,1
i30,e09,c1,p21,l3,12
i13,e11,c5,p19,l3,15
i30,e04,c1,p20,l3,5
i03,e04,c5,p17,l3,3
i06,e10,c5,p08,l2,3
i38,e11,c4,p11,l2,3
i06,e11,c5,p26,l2,32
i38,e10,c4,p10,l1,4
i09,e04,c5,p35,l3,3
i05,e08,c1,p18,l3,9
i05,e05,c1,p18,l3,1
i46,e08,c1,p13,l3,2
i42,e05,c5,p35,l3,5
i34,e08,c5,p32,l3,4
i63,e08,c1,p10,l3,13
i38,e07,c1,p24,l2,3
i38,e10,c1,p24,l1,4
i30,e09,c1,p16,l3,4
i23,e04,c5,p21,l3,6
i38,e08,c1,p23,l2,5
i38,e09,c1,p29,l2,6
i23,e01,c5,p21,l3,4
i03,e10,c5,p22,l3,6
i41,e09,c1,p22,l3,3
i06,e04,c5,p33,l1,3
i41,e09,c1,p19,l3,1
i27,e04,c5,p10,l3,3
i03,e10,c5,p21,l3,1
i38,e12,c1,p09,l3,2
i17,e04,c3,p19,l3,1
i42,e05,c5,p04,l3,1
i66,e01,c3,p35,l3,3
i42,e05,c5,p25,l3,1
i72,e08,c1,p10,l3,3
i16,e01,c3,p13,l3,2
i38,e10,c1,p23,l2,4
i43,e01,c1,p06,l3,1
i12,e09,c5,p03,l3,1
i23,e03,c5,p17,l3,1
i09,e09,c5,p03,l3,1
i42,e05,c3,p19,l3,1
i05,e08,c1,p12,l3,1
i38,e07,c4,p10,l2,1
i06,e08,c5,p19,l2,6296
i06,e09,c5,p05,l2,74
i38,e10,c1,p19,l3,27573
i38,e10,c1,p09,l3,2027
i06,e12,c5,p23,l3,136
i38,e11,c1,p01,l2,221
i23,e09,c5,p03,l3,8
i14,e08,c5,p01,l3,64
i02,e01,c1,p11,l3,269
i16,e04,c5,p14,l3,17
i06,e10,c5,p04,l3,15158
i12,e04,c5,p19,l3,35
i38,e01,c1,p21,l3,61
i06,e10,c5,p20,l4,335
i17,e04,c5,p12,l3,34
i17,e04,c5,p03,l3,87
i06,e09,c5,p06,l2,42
i38,e10,c4,p15,l3,53
i14,e08,c5,p13,l3,2
i46,e08,c1,p19,l3,25
i06,e09,c5,p21,l2,71
i38,e04,c1,p09,l1,21
i17,e08,c5,p24,l3,11
i38,e11,c1,p13,l2,202
i38,e06,c7,p13,l3,64
i02,e04,c1,p07,l3,46
i38,e10,c1,p15,l2,33
i06,e10,c5,p35,l1,35
i39,e09,c5,p10,l3,55
i13,e11,c5,p11,l3,56
i38,e07,c1,p03,l2,1
i38,e10,c4,p29,l4,7
i63,e10,c1,p10,l2,12
i38,e10,c1,p07,l1,11
i30,e04,c1,p14,l3,8
i30,e09,c1,p14,l3,5
i06,e05,c5,p16,l1,6
i06,e08,c3,p19,l2,3
i39,e09,c5,p32,l3,9
i06,e10,c3,p06,l4,5
i06,e10,c5,p31,l1,5
i17,e01,c5,p06,l3,9
i23,e05,c5,p10,l3,1
i38,e06,c4,p07,l3,13
i46,e04,c1,p32,l3,4
i39,e01,c5,p06,l3,22
i17,e08,c5,p06,l3,7
i05,e06,c1,p16,l3,1
i41,e04,c1,p19,l3,4
i42,e05,c5,p23,l3,2
i14,e08,c5,p08,l3,19
i42,e05,c5,p28,l3,5
i17,e01,c5,p23,l3,3
i34,e09,c5,p14,l3,1
i30,e04,c1,p13,l3,7
i38,e11,c4,p19,l2,5
i16,e01,c5,p03,l3,1
i46,e01,c1,p01,l3,5
i30,e04,c1,p29,l3,4
i05,e04,c1,p28,l3,1
unknown,e01,c3,p35,l3,3
i38,e01,c4,p10,l3,12
i38,e11,c4,p29,l2,1
i03,e10,c5,p15,l3,2
i63,e10,c1,p10,l4,14
i38,e07,c4,p13,l2,2
i06,e05,c5,p21,l1,2
i21,e03,c1,p03,l3,3
i39,e01,c5,p16,l3,8
i12,e01,c5,p19,l3,7
i38,e08,c7,p13,l2,10
i46,e01,c1,p15,l3,9
i46,e09,c1,p32,l3,2
i23,e03,c5,p15,l3,1
i14,e01,c5,p19,l3,3
i38,e12,c1,p26,l3,1
i01,e09,c1,p09,l3,1
i16,e09,c5,p19,l3,1
i39,e04,c5,p08,l3,2
i34,e01,c5,p21,l3,2
i17,e04,c5,p26,l3,1
i38,e10,c1,p19,l4,4562
i38,e10,c1,p09,l4,488
i38,e10,c1,p10,l1,65
i17,e11,c5,p10,l3,827
i06,e10,c5,p11,l3,30404
i06,e10,c3,p35,l3,45
i01,e08,c1,p29,l3,15
i16,e08,c5,p01,l3,9
i39,e04,c5,p06,l3,16
i46,e01,c1,p03,l3,35
i22,e02,c5,p01,l3,2
i06,e10,c5,p09,l4,1102
i38,e09,c1,p17,l2,15
i34,e05,c5,p19,l3,2
i02,e04,c1,p15,l3,133
i16,e08,c5,p17,l3,11
i17,e11,c5,p12,l3,132
i02,e09,c1,p20,l3,16
i17,e09,c5,p29,l3,20
i02,e08,c1,p13,l3,457
i61,e09,c1,p35,l3,2
i38,e06,c4,p05,l3,98
i42,e05,c5,p11,l3,7
i02,e01,c1,p29,l3,64
i42,e05,c5,p02,l3,1
i05,e09,c1,p23,l3,5
i38,e11,c4,p07,l2,9
i17,e01,c5,p35,l3,12
i38,e10,c1,p03,l2,74
i05,e03,c1,p08,l3,4
i41,e01,c1,p13,l3,6
i06,e10,c5,p24,l2,44
i38,e10,c7,p13,l2,24
i38,e10,c7,p32,l4,16
i17,e11,c5,p28,l3,24
i14,e01,c5,p17,l3,2
i43,e08,c1,p15,l3,2
i05,e12,c1,p17,l3,19
i34,e08,c5,p21,l3,19
i05,e07,c1,p01,l3,4
i03,e09,c5,p18,l3,2
i27,e04,c5,p16,l3,2
i05,e12,c1,p23,l3,2
i46,e01,c1,p32,l3,3
i12,e08,c5,p14,l3,4
i06,e09,c5,p09,l2,18
i14,e01,c5,p10,l3,3
i06,e08,c3,p11,l2,1
i14,e08,c5,p14,l3,3
i34,e04,c5,p14,l3,2
i23,e09,c5,p19,l3,8
i38,e08,c1,p20,l2,7
i03,e10,c5,p19,l3,7
i46,e01,c4,p15,l3,3
i12,e01,c5,p13,l3,2
i38,e08,c1,p26,l2,2
i17,e01,c5,p12,l3,11
i09,e04,c3,p35,l3,1
i05,e07,c1,p05,l3,1
i06,e10,c3,p02,l4,5
i14,e08,c5,p22,l3,4
i13,e08,c5,p07,l3,3
i46,e08,c4,p17,l3,6
i23,e08,c5,p04,l3,2
i66,e04,c3,p23,l3,1
i14,e08,c3,p35,l3,2
i16,e04,c5,p24,l3,1
i05,e06,c1,p07,l3,1
i03,e09,c5,p06,l3,1
i01,e09,c1,p04,l3,2
i65,e09,c3,p35,l3,1
i12,e09,c5,p15,l3,2
i14,e11,c5,p07,l3,1
i43,e09,c1,p18,l3,1
i05,e05,c1,p05,l3,1
i38,e11,c4,p24,l2,1
i21,e09,c1,p12,l3,1
i02,e11,c1,p28,l3,1
i06,e08,c5,p07,l2,1088
i06,e12,c5,p29,l3,356
i06,e11,c5,p25,l2,142
i02,e08,c1,p17,l3,245
i38,e10,c1,p06,l4,573
i06,e09,c5,p19,l2,336
i38,e10,c1,p29,l4,495
i06,e01,c5,p35,l3,96
i19,e08,c5,p35,l3,5
i06,e11,c5,p24,l2,669
i06,e12,c5,p31,l3,47
i38,e11,c1,p03,l2,235
i48,e11,c1,p10,l3,10
i23,e04,c5,p14,l3,2
i34,e03,c5,p13,l3,49
i14,e08,c5,p15,l3,8
i23,e03,c5,p01,l3,5
i06,e01,c5,p10,l3,178
i38,e01,c1,p16,l3,52
i34,e08,c5,p16,l3,70
i38,e06,c1,p13,l3,2336
i38,e06,c1,p29,l3,290
i34,e03,c5,p01,l3,73
i46,e01,c1,p19,l3,23
i39,e04,c5,p24,l3,23
i06,e10,c5,p30,l4,71
i38,e10,c7,p19,l3,24
i17,e11,c5,p17,l3,40
i39,e01,c5,p07,l3,9
i46,e01,c4,p35,l3,15
i41,e07,c1,p10,l3,23
i16,e04,c5,p07,l3,5
i46,e08,c1,p11,l3,81
i41,e04,c1,p12,l3,6
i41,e01,c1,p35,l3,13
i38,e04,c1,p06,l1,11
i05,e08,c1,p17,l3,15
i21,e04,c1,p08,l3,1
i68,e12,c1,p35,l3,5
i12,e04,c5,p21,l3,21
i46,e01,c1,p10,l3,20
i06,e09,c5,p32,l2,47
i14,e08,c5,p21,l3,14
i17,e09,c5,p02,l3,8
i41,e01,c1,p03,l3,4
i41,e08,c1,p17,l3,3
i13,e08,c5,p12,l3,3
i42,e05,c5,p13,l3,1
i05,e12,c1,p28,l3,8
i38,e12,c1,p13,l3,3
i13,e03,c5,p11,l3,1
i01,e01,c1,p11,l3,9
i46,e04,c1,p21,l3,2
i01,e04,c1,p14,l3,2
i46,e01,c1,p17,l3,6
i06,e10,c3,p35,l4,4
i38,e12,c1,p03,l3,4
i01,e01,c1,p02,l3,2
i38,e10,c7,p12,l3,3
i17,e09,c5,p08,l3,10
i38,e10,c1,p28,l2,4
i19,e04,c5,p10,l3,2
i03,e09,c5,p03,l3,3
i14,e08,c3,p10,l3,2
i23,e01,c5,p23,l3,3
i03,e04,c5,p06,l3,1
i38,e11,c1,p30,l2,2
i42,e05,c3,p10,l3,2
i34,e09,c5,p13,l3,1
i03,e01,c5,p18,l3,2
i41,e04,c1,p16,l3,1
i05,e01,c1,p12,l3,2
i38,e05,c1,p04,l1,1
i41,e01,c1,p23,l3,1
i14,e08,c5,p12,l3,2
i06,e12,c5,p10,l3,1765
i06,e08,c5,p16,l2,2757
i06,e12,c5,p19,l3,2105
i38,e08,c1,p10,l2,1800
i12,e04,c5,p05,l3,9
i06,e04,c5,p16,l1,218
i38,e11,c1,p11,l2,214
i02,e08,c1,p16,l3,603
i06,e11,c5,p35,l2,1412
i06,e10,c5,p15,l4,3894
i38,e09,c1,p10,l2,383
i17,e09,c5,p07,l3,10
i02,e01,c1,p14,l3,75
i02,e09,c1,p11,l3,212
i34,e04,c5,p01,l3,22
i38,e01,c1,p01,l3,80
i34,e03,c5,p35,l3,104
i18,e08,c1,p35,l3,303
i17,e09,c5,p11,l3,20
i38,e09,c1,p26,l2,11
i06,e10,c5,p29,l2,51
i25,e01,c5,p21,l3,1
i06,e01,c5,p16,l3,102
i46,e09,c1,p10,l3,15
i38,e09,c4,p05,l2,8
i05,e03,c1,p10,l3,11
i02,e08,c1,p03,l3,465
i46,e04,c1,p07,l3,5
i05,e09,c1,p01,l3,1
i41,e09,c1,p35,l3,16
i41,e08,c1,p15,l3,5
i39,e01,c5,p28,l3,10
i06,e10,c3,p24,l3,94
i01,e04,c1,p10,l3,31
i05,e03,c1,p35,l3,18
i06,e10,c5,p13,l2,18
i05,e12,c1,p21,l3,17
i38,e04,c1,p14,l1,9
i38,e06,c4,p19,l3,14
i34,e08,c5,p23,l3,24
i06,e10,c5,p28,l2,26
i39,e09,c5,p25,l3,2
i17,e11,c5,p06,l3,26
i14,e11,c5,p24,l3,1
i46,e08,c1,p03,l3,23
i17,e09,c5,p14,l3,5
i41,e07,c1,p14,l3,4
i41,e09,c1,p06,l3,2
i13,e11,c5,p21,l3,4
i23,e01,c5,p09,l3,1
i12,e08,c5,p06,l3,4
i02,e08,c1,p20,l3,7
i06,e07,c5,p35,l2,5
i34,e08,c5,p06,l3,1
i39,e01,c5,p22,l3,7
i02,e01,c4,p35,l3,2
i32,e08,c5,p19,l3,6
i48,e11,c1,p14,l3,2
i17,e08,c5,p28,l3,3
i97,e11,c1,p35,l3,1
i16,e08,c5,p11,l3,3
i07,e12,c5,p24,l3,2
i43,e03,c1,p07,l3,1
i16,e01,c5,p15,l3,2
i66,e04,c3,p24,l3,3
i23,e11,c5,p02,l3,1
i15,e01,c2,p35,l3,1413
i06,e08,c5,p28,l2,433
i38,e08,c1,p19,l2,1076
i06,e10,c5,p24,l4,1919
i39,e04,c5,p19,l3,54
i06,e11,c5,p02,l2,492
i38,e06,c1,p02,l3,303
i38,e10,c1,p08,l4,461
i17,e04,c5,p17,l3,32
i06,e04,c5,p08,l1,67
i17,e04,c5,p35,l3,13
i50,e01,c1,p35,l3,2
i38,e09,c1,p03,l2,75
i12,e08,c5,p01,l3,14
i46,e04,c1,p11,l3,10
i02,e09,c1,p01,l3,91
i38,e11,c4,p10,l2,57
i46,e04,c1,p15,l3,30
i06,e10,c3,p15,l3,292
i06,e10,c5,p20,l1,3
i06,e01,c5,p08,l3,30
i02,e04,c1,p22,l3,24
i19,e10,c5,p10,l3,116
i02,e01,c1,p24,l3,43
i06,e10,c5,p04,l2,63
i46,e11,c1,p22,l3,54
i38,e04,c1,p16,l1,42
i48,e11,c1,p01,l3,2
i43,e12,c1,p08,l3,1
i01,e09,c1,p07,l3,7
i43,e01,c1,p23,l3,5
i39,e04,c5,p20,l3,1
i23,e01,c5,p15,l3,3
i41,e09,c1,p11,l3,2
i17,e11,c5,p35,l3,4
i06,e10,c5,p14,l2,41
i30,e09,c1,p04,l3,10
i41,e08,c1,p35,l3,52
i34,e04,c5,p11,l3,16
i31,e04,c1,p35,l3,6
i56,e08,c5,p10,l3,9
i34,e09,c5,p23,l3,4
i16,e04,c5,p32,l3,9
i46,e01,c1,p18,l3,3
i34,e08,c5,p11,l3,10
i38,e10,c1,unknown,l3,4
i03,e09,c5,p24,l3,1
i06,e11,c3,p35,l2,4
i38,e10,c1,p29,l1,5
i41,e08,c1,p32,l3,1
i05,e07,c1,p20,l3,1
i38,e07,c1,p16,l2,1
i34,e04,c5,p07,l3,2
i23,e04,c5,p18,l3,1
i06,e12,c3,p15,l3,4
i14,e08,c3,p01,l3,3
i06,e05,c5,p05,l1,1
i23,e13,c5,p15,l3,4
i07,e01,c5,p19,l3,2
i14,e01,c5,p16,l3,2
i42,e05,c5,p09,l3,1
i06,e02,c5,p22,l1,1
i09,e04,c5,p18,l3,1
i27,e09,c5,p05,l3,1
i16,e08,c5,p04,l3,1
i06,e05,c5,p29,l1,1
i17,e09,c5,p35,l3,2
i06,e08,c3,p29,l2,1
i48,e11,c1,p03,l3,1
i38,e06,c1,unknown,l3,1
i21,e01,c1,p08,l3,1
i07,e09,c5,p16,l3,1
i38,e10,c1,p18,l3,4472
i17,e09,c5,p10,l3,149
i06,e11,c5,p23,l2,347
i06,e10,c5,p11,l4,2838
i38,e10,c4,p01,l3,455
i02,e08,c1,p11,l3,961
i06,e04,c5,p11,l1,177
i01,e08,c1,p11,l3,22
i38,e09,c1,p16,l2,23
i02,e01,c1,p19,l3,606
i06,e09,c5,p07,l2,62
i38,e10,c4,p10,l3,855
i05,e04,c1,p10,l3,104
i32,e11,c5,p35,l3,18
i06,e04,c5,p12,l1,112
i13,e08,c5,p09,l3,2
i38,e04,c4,p10,l1,21
i17,e11,c5,p14,l3,56
i38,e01,c1,p32,l3,16
i38,e10,c4,p18,l3,82
i46,e11,c1,p10,l3,152
i39,e01,c5,p19,l3,18
i34,e03,c5,p09,l3,43
i02,e09,c1,p21,l3,112
i34,e04,c5,p30,l3,1
i06,e01,c5,p13,l3,59
i05,e12,c1,p13,l3,18
i46,e08,c1,p20,l3,29
i38,e11,c1,p25,l2,15
i02,e09,c1,p07,l3,48
i46,e08,c4,p11,l3,8
i13,e11,c5,p12,l3,9
i23,e01,c5,p07,l3,2
i34,e01,c5,p35,l3,15
i17,e09,c5,p05,l3,16
i14,e11,c5,p02,l3,1
i17,e09,c5,p03,l3,15
i13,e08,c5,p01,l3,2
i34,e04,c5,p21,l3,9
i03,e04,c5,p16,l3,5
i01,e01,c1,p05,l3,3
i01,e01,c1,p09,l3,4
i02,e08,c1,p08,l3,11
i06,e05,c5,p19,l1,6
i05,e12,c1,p16,l3,5
i18,e05,c1,p35,l3,1
i34,e04,c5,p04,l3,6
i06,e09,c5,p33,l2,1
i38,e10,c1,p33,l4,8
i109,e04,c3,p10,l3,3
i38,e07,c4,p03,l2,2
i46,e01,c1,p08,l3,1
i63,e10,c1,p35,l2,2
i38,e04,c1,p29,l1,4
i23,e03,c5,p04,l3,1
i38,e12,c4,p12,l3,1
i23,e03,c5,p18,l3,2
i41,e08,c1,p31,l3,1
i01,e11,c1,p04,l3,2
i05,e03,c1,p03,l3,1
i14,e11,c5,p11,l3,2
i12,e04,c5,p16,l3,1
i27,e04,c5,p15,l3,1
i38,e10,c1,p32,l4,407
i06,e08,c5,p14,l2,1107
i02,e08,c1,p15,l3,392
i06,e01,c5,p19,l3,322
i06,e10,c5,p03,l3,25314
i38,e10,c1,p22,l3,1836
i06,e10,c5,p06,l4,1586
i06,e10,c5,p23,l4,1132
i06,e10,c5,p21,l1,77
i06,e01,c5,p17,l3,67
i42,e05,c5,p12,l3,3
i06,e10,c3,p17,l4,8
i06,e04,c5,p04,l1,222
i17,e11,c5,p03,l3,39
i38,e06,c1,p35,l3,146
i38,e11,c4,p25,l2,2
i43,e07,c1,p10,l3,1
i41,e11,c1,p10,l3,4
i38,e08,c1,p24,l2,66
i13,e11,c5,p10,l3,33
i17,e08,c5,p21,l3,86
i17,e01,c5,p03,l3,19
i06,e04,c5,p17,l1,196
i02,e04,c1,p28,l3,24
i41,e04,c1,p21,l3,19
i05,e09,c1,p10,l3,48
i46,e04,c1,p16,l3,62
i46,e04,c1,p30,l3,35
i06,e04,c5,p13,l1,68
i38,e04,c1,p08,l1,9
i38,e06,c4,p01,l3,29
i41,e08,c1,p29,l3,5
i20,e08,c5,p10,l3,4
i34,e04,c5,p09,l3,8
i13,e08,c5,p04,l3,2
i01,e08,c1,p09,l3,2
i48,e08,c1,p35,l3,28
i23,e04,c5,p23,l3,4
i39,e09,c5,p28,l3,2
i19,e10,c5,p10,l4,24
i27,e09,c5,p12,l3,8
i23,e09,c5,p10,l3,12
i19,e09,c5,p10,l3,2
i05,e07,c1,p13,l3,5
i38,e10,c1,p20,l2,2
i05,e06,c1,p29,l3,2
i06,e01,c5,p33,l3,2
i06,e12,c3,p08,l3,2
i23,e10,c5,p10,l3,4
i34,e09,c5,p28,l3,1
i23,e03,c5,p09,l3,4
i17,e09,c5,p28,l3,1
i06,e10,c3,p18,l1,1
i13,e03,c5,p05,l3,1
i05,e12,c1,p04,l3,1
i61,e01,c1,p35,l3,1
i34,e04,c5,p24,l3,2
i09,e01,c5,p16,l3,1
i41,e09,c1,p05,l3,2
i38,e08,c4,p07,l2,1
i34,e04,c5,p02,l3,1
i12,e08,c5,p16,l3,1
i06,e10,c5,p10,l3,85665
i38,e01,c1,p19,l3,202
i38,e06,c1,p22,l3,115
i05,e12,c1,p35,l3,94
i43,e08,c1,p10,l3,13
i42,e02,c3,p10,l3,1
i32,e04,c5,p35,l3,4
i38,e10,c1,p20,l3,594
i02,e09,c1,p15,l3,127
i14,e01,c5,p03,l3,2
i18,e01,c1,p35,l3,41
i12,e04,c5,p11,l3,8
i38,e09,c1,p21,l2,60
i06,e10,c5,p32,l2,31
i38,e08,c1,p32,l2,77
i38,e04,c4,p05,l1,3
i38,e10,c1,p02,l2,22
i38,e10,c4,p19,l3,40
i05,e04,c1,p21,l3,16
i39,e04,c5,p07,l3,25
i02,e01,c1,p08,l3,21
i06,e10,c5,p18,l1,70
i38,e10,c1,p09,l1,4
i06,e11,c5,p20,l2,93
i12,e01,c5,p17,l3,1
i38,e10,c4,p19,l4,40
i05,e12,c1,p19,l3,30
i13,e11,c5,p16,l3,6
i39,e01,c5,p32,l3,15
i34,e08,c5,p03,l3,20
i01,e08,c1,p18,l3,3
i06,e10,c5,p09,l2,15
i38,e10,c1,p30,l4,30
i34,e08,c5,p12,l3,5
i38,e07,c7,p10,l2,2
i38,e08,c4,p18,l2,19
i01,e04,c1,p19,l3,5
i46,e08,c1,p10,l3,9
i41,e07,c1,p19,l3,6
i43,e08,c1,p19,l3,4
i23,e09,c5,p06,l3,3
i06,e10,c3,p03,l4,5
i38,e05,c1,p35,l1,2
i63,e10,c1,p35,l3,1
i23,e04,c5,p19,l3,6
i16,e08,c5,p13,l3,1
i05,e06,c1,p05,l3,2
i38,e07,c1,p22,l2,4
i46,e01,c1,p06,l3,1
i34,e09,c5,p32,l3,4
i01,e09,c1,p29,l3,1
i17,e01,c5,p31,l3,7
i07,e04,c5,p05,l3,1
i23,e01,c5,p16,l3,1
i41,e04,c1,p17,l3,1
i34,e04,c5,p32,l3,1
i06,e04,c5,p24,l1,162
i06,e11,c5,p08,l2,195
i06,e08,c5,p17,l2,2215
i01,e08,c1,p35,l3,649
i17,e01,c5,p24,l3,2
i06,e10,c5,p23,l3,10508
i46,e04,c1,p35,l3,696
i06,e08,c5,p35,l2,2854
i38,e10,c1,p15,l1,15
i06,e10,c5,p16,l4,2648
i06,e10,c5,p14,l4,1537
i46,e08,c1,p35,l3,3253
i38,e10,c4,p21,l1,2
i41,e09,c1,p21,l3,18
i06,e10,c3,p17,l3,92
i38,e10,c1,p22,l4,302
i38,e08,c1,p21,l2,220
i39,e09,c5,p35,l3,179
i17,e11,c5,p04,l3,25
i34,e08,c5,p19,l3,127
i06,e10,c5,p12,l2,44
i06,e10,c5,p01,l2,82
i38,e10,c7,p12,l4,3
i38,e10,c1,p09,l2,13
i38,e10,c4,p06,l3,187
i01,e09,c1,p03,l3,4
i02,e08,c1,p05,l3,184
i13,e11,c5,p17,l3,15
i38,e06,c1,unknown,l3,20
i16,e01,c5,p12,l3,6
i39,e09,c5,p07,l3,11
i39,e01,c5,p02,l3,9
i41,e09,c1,p02,l3,3
i16,e04,c5,p05,l3,8
i61,e08,c1,p35,l3,29
i38,e10,c7,p01,l2,4
i63,e10,c1,p01,l3,10
i23,e09,c5,p21,l3,8
i30,e04,c1,p10,l3,27
i06,e10,c3,p16,l3,11
i34,e03,c5,p28,l3,11
i44,e01,c3,p35,l3,2
i38,e01,c4,p01,l3,19
i38,e04,c1,p04,l1,9
i24,e08,c1,p35,l3,8
i07,e04,c5,p28,l3,7
i01,e09,c1,p10,l3,9
i38,e11,c4,p17,l2,3
i06,e10,c5,p22,l2,8
i41,e01,c1,p02,l3,6
i06,e05,c5,p35,l1,7
i46,e08,c1,p30,l3,10
i38,e11,c7,p13,l2,4
i07,e04,c5,p35,l3,12
i17,e08,c5,p13,l3,29
i05,e06,c1,p25,l3,1
i14,e02,c5,p14,l3,1
i42,e05,c5,p17,l3,4
i17,e08,c5,p17,l3,16
i67,e01,c5,p11,l3,2
i43,e08,c1,p04,l3,1
i36,e09,c5,p35,l3,2
i33,e03,c1,p04,l3,2
i03,e04,c5,p04,l3,2
i05,e06,c1,p03,l3,3
i02,e06,c1,p01,l3,1
i13,e08,c5,p35,l3,4
i42,e02,c5,p35,l3,1
i06,e01,c5,p30,l3,3
i43,e04,c1,p02,l3,2
i42,e05,c5,p18,l3,3
i12,e01,c5,p16,l3,3
i07,e08,c5,p16,l3,2
i06,e02,c5,p23,l1,1
i34,e05,c5,p35,l3,1
i05,e09,c1,p16,l3,2
i46,e09,c1,p05,l3,1
i41,e08,c1,p02,l3,1
i16,e04,c5,p09,l3,1
i38,e09,c4,p31,l2,1
i38,e01,c1,p10,l3,392
i06,e08,c5,p11,l2,2719
i38,e10,c1,p19,l2,140
i06,e10,c5,p32,l3,6821
i06,e10,c5,p07,l4,2209
i38,e10,c4,p17,l3,87
i38,e10,c1,p17,l2,37
i17,e01,c5,p29,l3,42
i06,e01,c5,p29,l3,92
i39,e04,c5,p28,l3,15
i26,e11,c1,p35,l3,24
i38,e10,c4,p03,l3,82
i38,e08,c1,p03,l2,128
i06,e09,c5,p15,l2,81
i38,e01,c4,p05,l3,12
i06,e11,c3,p02,l2,18
i05,e01,c1,p32,l3,2
i17,e09,c5,p23,l3,23
i43,e08,c1,p35,l3,64
i02,e04,c1,p17,l3,73
i41,e08,c1,p10,l3,18
i06,e10,c3,p15,l4,36
i38,e06,c1,p31,l3,70
i06,e10,c5,p26,l1,5
i49,e06,c1,p01,l3,1
i39,e09,c5,p13,l3,41
i38,e06,c1,p26,l3,93
i38,e11,c1,p23,l2,42
i46,e08,c1,p16,l3,5
i06,e10,c5,p07,l1,34
i41,e04,c1,p35,l3,23
i02,e08,c1,p22,l3,19
i34,e04,c5,p10,l3,83
i46,e01,c1,p23,l3,2
i06,e09,c5,p12,l2,50
i03,e09,c5,p12,l3,4
i05,e08,c1,p10,l3,183
i05,e09,c1,p19,l3,18
i17,e08,c5,p03,l3,53
i17,e08,c5,p26,l3,1
i17,e04,c5,p25,l3,7
i25,e09,c5,p21,l3,1
i38,e09,c1,p28,l2,9
i38,e10,c1,p12,l1,11
i05,e01,c1,p13,l3,10
i14,e12,c5,p02,l3,1
i27,e04,c5,p05,l3,3
i39,e04,c5,p25,l3,8
i06,e11,c5,p33,l2,3
i16,e09,c5,p11,l3,6
i05,e12,c1,p02,l3,4
i34,e08,c5,p31,l3,1
i30,e04,c1,p18,l3,4
i38,e06,c1,p33,l3,1
i38,e10,c4,p18,l1,1
i12,e08,c5,p12,l3,5
i05,e09,c1,p15,l3,2
i54,e09,c1,p35,l3,1
i23,e03,c5,p14,l3,1
i05,e07,c1,p03,l3,3
i03,e09,c5,p15,l3,1
i38,e10,c4,p20,l3,1
i01,e04,c1,p04,l3,4
i33,e09,c1,p04,l3,1
i38,e12,c1,p30,l3,1
i30,e01,c1,p32,l3,1
i05,e01,c1,p16,l3,1
i38,e01,c4,p18,l3,1
i05,e03,c1,p23,l3,1
i05,e07,c1,p16,l3,1
i17,e01,c5,p15,l3,21
i06,e08,c5,p24,l2,1231
i06,e09,c5,p24,l2,87
i17,e01,c5,p32,l3,7
i06,e12,c5,p14,l3,395
i38,e10,c1,p02,l4,614
i38,e10,c1,p04,l3,5121
i06,e10,c5,p03,l4,2520
i38,e10,c1,p31,l4,142
i06,e10,c5,p13,l4,1939
i38,e10,c1,p26,l3,548
i06,e10,c5,p19,l1,175
i06,e10,c3,p29,l3,108
i38,e06,c1,p04,l3,525
i17,e04,c5,p29,l3,63
i38,e10,c4,p10,l4,228
i14,e12,c5,p03,l3,1
i38,e06,c4,p03,l3,2
i23,e08,c5,p10,l3,27
i38,e10,c4,p07,l4,86
i06,e09,c5,p14,l2,63
i02,e09,c1,p17,l3,77
i47,e04,c1,p35,l3,332
i49,e06,c1,p33,l3,1
i06,e10,c5,p10,l1,129
i38,e08,c1,p06,l2,56
i02,e08,c1,p24,l3,421
i38,e01,c1,p09,l3,14
i17,e11,c5,p16,l3,136
i39,e01,c5,p04,l3,12
i38,e11,c1,p05,l2,126
i61,e11,c1,p35,l3,33
i41,e07,c1,p17,l3,9
i17,e08,c5,p02,l3,19
i38,e10,c7,p10,l4,67
i38,e10,c1,unknown,l4,3
i38,e10,c4,p03,l4,29
i06,e08,c3,p01,l2,8
i41,e09,c1,p10,l3,10
i05,e08,c1,p16,l3,21
i06,e01,c5,p09,l3,25
i30,e09,c1,p13,l3,5
i43,e08,c1,p17,l3,23
i06,e11,c3,p29,l2,10
i43,e01,c1,p10,l3,21
i38,e11,c1,p20,l2,11
i38,e10,c4,p23,l3,5
i38,e04,c1,p17,l1,32
i17,e11,c5,p13,l3,23
i34,e08,c5,p29,l3,17
i41,e11,c1,p04,l3,6
i02,e09,c1,p08,l3,18
i23,e04,c5,p03,l3,7
i16,e01,c5,p13,l3,3
i02,e04,c1,p06,l3,28
i38,e11,c4,p04,l2,1
i38,e08,c1,p14,l2,35
i43,e09,c1,p35,l3,6
i03,e04,c5,p15,l3,2
i38,e10,c4,p11,l1,1
i30,e04,c1,p17,l3,2
i21,e03,c1,p21,l3,1
i30,e01,c1,p12,l3,17
i22,e05,c5,p35,l3,15
i46,e09,c1,p18,l3,1
i13,e11,c5,p04,l3,6
i06,e05,c5,p09,l1,1
i17,e01,c5,p02,l3,7
i46,e01,c1,p09,l3,4
i41,e07,c1,p01,l3,4
i16,e08,c5,p06,l3,1
i50,e09,c1,p35,l3,1
i38,e10,c4,p35,l2,4
i41,e09,c1,p17,l3,1
i07,e12,c5,p05,l3,3
i23,e08,c5,p17,l3,2
i14,e11,c5,p01,l3,2
i23,e01,c5,p12,l3,1
i46,e08,c1,p17,l3,1
i01,e04,c1,p21,l3,1
i13,e03,c5,p10,l3,1
i38,e10,c4,p01,l1,1
i16,e11,c5,p21,l3,1
i38,e09,c7,p12,l2,1
i94,e08,c1,p35,l3,1
i06,e10,c5,p35,l4,1944
i06,e10,c5,p19,l4,6780
i38,e10,c1,p16,l4,899
i38,e06,c1,p08,l3,224
i38,e09,c1,p13,l2,192
i41,e07,c1,p03,l3,23
i46,e09,c1,p11,l3,15
i06,e10,c5,p21,l2,114
i38,e11,c1,p29,l2,53
i06,e10,c5,p23,l2,77
i06,e09,c5,p18,l2,57
i38,e01,c1,p06,l3,17
i01,e09,c1,p35,l3,43
i23,e04,c5,p04,l3,20
i17,e11,c5,p07,l3,36
i38,e10,c1,p12,l2,32
i06,e04,c5,p28,l1,114
i38,e10,c1,unknown,l3,18
i38,e09,c4,p13,l2,5
i38,e10,c4,p13,l4,37
i17,e04,c5,p32,l3,34
i17,e11,c5,p15,l3,47
i17,e04,c5,p14,l3,45
i38,e11,c1,unknown,l2,1
i17,e08,c5,p19,l3,130
i17,e09,c5,p15,l3,18
i34,e08,c5,p09,l3,5
i43,e04,c1,p06,l3,6
i41,e04,c1,p04,l3,12
i38,e07,c1,p19,l2,8
i34,e09,c5,p03,l3,11
i14,e09,c5,p17,l3,2
i27,e08,c5,p29,l3,3
i38,e10,c4,p25,l4,13
i38,e06,c4,p25,l3,10
i26,e09,c1,p35,l3,3
i17,e04,c5,p08,l3,24
i30,e01,c1,p21,l3,7
i39,e09,c5,p18,l3,11
i46,e08,c1,p32,l3,2
i06,e11,c3,p05,l2,3
i34,e03,c3,p10,l3,1
i38,e10,c4,p13,l2,8
i38,e08,c4,p20,l2,1
i34,e09,c5,p12,l3,3
i46,e01,c1,p28,l3,2
i21,e04,c1,p10,l3,15
i41,e09,c1,p12,l3,11
i02,e01,c4,p15,l3,3
i05,e09,c1,p21,l3,4
i34,e08,c5,p04,l3,7
i39,e09,c5,p02,l3,7
i14,e11,c5,p10,l3,3
i14,e08,c5,p29,l3,5
i27,e04,c5,p04,l3,3
i46,e09,c1,p13,l3,2
i38,e01,c4,p19,l3,1
i34,e01,c5,p24,l3,5
i42,e02,c5,p16,l3,1
i20,e09,c5,p10,l3,4
i05,e06,c1,p12,l3,1
i38,e07,c1,p21,l2,2
i05,e03,c1,p16,l3,1
i03,e10,c5,p10,l3,4
i06,e09,c5,p31,l2,1
i14,e01,c5,p15,l3,1
i05,e06,c1,p06,l3,1
i08,e08,c1,p35,l3,1
i14,e11,c3,p03,l3,1
i02,e11,c1,p11,l3,1
i41,e01,c1,p18,l3,2
i09,e09,c5,p01,l3,1
i23,e01,c5,p35,l3,1
i03,e04,c5,p19,l3,1
i24,e08,c1,p19,l3,1
i34,e01,c5,p17,l3,1
i32,e05,c5,p35,l3,1
i66,e04,c3,p13,l3,1
i02,e08,c1,p12,l3,137
i06,e10,c5,p21,l4,3279
i06,e10,c5,p22,l3,9579
i38,e10,c1,p29,l3,2355
i06,e10,c5,p08,l3,9667
i38,e10,c1,p25,l3,925
i06,e11,c5,p17,l2,532
i06,e08,c5,p04,l2,1536
i06,e10,c5,p17,l1,46
i39,e04,c5,p11,l3,34
i06,e10,c5,p02,l2,17
i38,e06,c1,p06,l3,560
i06,e01,c5,p01,l3,124
i06,e10,c3,p05,l4,13
i39,e01,c5,p21,l3,70
i02,e08,c1,p21,l3,329
i38,e09,c1,p01,l2,59
i06,e09,c5,p20,l2,19
i38,e09,c7,p13,l2,27
i06,e04,c5,p29,l1,276
i02,e01,c1,p12,l3,77
i46,e09,c1,p09,l3,3
i38,e11,c1,p16,l2,74
i06,e10,c5,p22,l1,46
i34,e01,c5,p15,l3,8
i38,e07,c1,p11,l2,1
i38,e01,c1,p12,l3,25
i06,e08,c5,p20,l2,554
i38,e08,c4,p01,l2,18
i02,e09,c1,p29,l3,39
i41,e12,c1,p01,l3,5
i06,e10,c3,p01,l3,18
i34,e04,c5,p18,l3,16
i16,e08,c5,p03,l3,29
i19,e03,c5,p10,l3,7
i43,e01,c1,p12,l3,2
i41,e01,c1,p21,l3,26
i34,e01,c5,p05,l3,8
i41,e08,c1,p04,l3,32
i06,e04,c5,p02,l1,83
i38,e10,c4,p05,l4,44
i27,e04,c5,p24,l3,2
i16,e04,c5,p10,l3,4
i34,e04,c5,p12,l3,11
i01,e08,c1,p26,l3,2
i39,e04,c5,p16,l3,14
i38,e04,c1,p02,l1,22
i02,e09,c1,p22,l3,13
i63,e10,c1,p10,l3,4
i27,e04,c5,p08,l3,3
i41,e01,c1,p12,l3,9
i34,e09,c5,p17,l3,6
i12,e04,c5,p04,l3,6
i14,e12,c5,p07,l3,2
i66,e04,c3,p19,l3,1
i14,e09,c5,p29,l3,1
i16,e09,c5,p23,l3,4
i25,e03,c5,p35,l3,1
i14,e11,c5,p21,l3,2
i30,e09,c1,p11,l3,6
i12,e09,c5,p01,l3,4
i05,e09,c1,p28,l3,1
i01,e08,c1,p30,l3,1
i17,e01,c5,p09,l3,1
i06,e09,c5,p26,l2,1
i40,e13,c5,p35,l3,2
i14,e04,c3,p24,l3,2
i05,e04,c1,p04,l3,2
i38,e10,c4,p20,l1,1
i06,e12,c3,p09,l3,1
i05,e09,c1,p12,l3,1
i05,e06,c1,p13,l3,2
i38,e10,c4,p12,l1,1
i34,e09,c5,p30,l3,1
i01,e04,c1,p07,l3,1
i09,e09,c5,p28,l3,1
i17,e04,c5,p33,l3,1
i38,e10,c1,p08,l3,2682
i06,e08,c5,p15,l2,3740
i38,e01,c1,p13,l3,199
i06,e11,c5,p07,l2,533
i17,e09,c5,p01,l3,39
i38,e06,c1,p11,l3,977
i06,e04,c5,p10,l1,517
i02,e08,c1,p29,l3,153
i38,e11,c4,p06,l2,1
i38,e10,c4,p04,l3,74
i06,e04,c5,p22,l1,137
i38,e10,c1,unknown,l3,49
i02,e04,c1,p23,l3,49
i38,e10,c4,p01,l4,89
i34,e03,c5,p12,l3,45
i17,e11,c5,p09,l3,17
i34,e01,c5,p10,l3,61
i27,e01,c5,p21,l3,2
i43,e04,c1,p10,l3,27
i38,e01,c1,p25,l3,8
i06,e10,c5,p35,l2,60
i38,e10,c1,p30,l3,70
i41,e01,c1,p17,l3,6
i39,e01,c5,p17,l3,22
i01,e08,c1,p10,l3,138
i06,e12,c5,p08,l3,58
i12,e08,c5,p13,l3,21
i34,e03,c5,p14,l3,26
i27,e08,c5,p10,l3,9
i39,e04,c5,p18,l3,26
i39,e09,c5,p15,l3,21
i05,e12,c1,p03,l3,14
i06,e10,c5,p28,l1,6
i46,e06,c1,p35,l3,11
i46,e09,c4,p35,l3,21
i06,e09,c5,p08,l2,39
i30,e01,c1,p01,l3,3
i01,e11,c1,p07,l3,2
i05,e09,c1,p35,l3,15
i16,e09,c5,p21,l3,9
i41,e01,c1,p11,l3,7
i14,e09,c5,p05,l3,5
i14,e12,c5,p11,l3,1
i05,e08,c1,p04,l3,1
i14,e11,c5,p05,l3,1
i38,e01,c1,p14,l3,11
i34,e08,c5,p14,l3,5
i05,e08,c1,p24,l3,1
i19,e10,c5,p35,l2,2
i17,e04,c5,p06,l3,12
i38,e09,c1,p22,l2,14
i46,e06,c4,p35,l3,5
i41,e05,c1,p10,l3,1
i22,e02,c5,p35,l3,1
i12,e04,c5,p10,l3,10
i16,e09,c5,p01,l3,8
i30,e01,c1,p03,l3,3
i41,e08,c1,p13,l3,9
i13,e12,c5,p21,l3,1
i34,e04,c5,p23,l3,5
i38,e09,c4,p01,l2,7
i12,e01,c5,p22,l3,1
i38,e01,c7,p12,l3,1
i16,e01,c5,p07,l3,3
i07,e04,c5,p16,l3,7
i27,e01,c5,p03,l3,1
i22,e02,c5,p15,l3,1
i17,e09,c3,p19,l3,1
i46,e08,c4,p09,l3,3
i23,e03,c5,p11,l3,1
i39,e09,c5,p22,l3,5
i43,e01,c1,p13,l3,2
i46,e08,c4,p04,l3,1
i16,e08,c5,p23,l3,1
i87,e09,c5,p21,l3,1
i06,e10,c5,p05,l4,3089
i38,e10,c1,p10,l2,2266
i06,e10,c5,p18,l4,1936
i38,e08,c1,p01,l2,168
i06,e08,c5,p29,l2,3589
i06,e11,c5,p01,l2,934
i17,e04,c5,p04,l3,77
i06,e10,c3,p08,l3,101
i06,e04,c5,p21,l1,191
i02,e01,c1,p15,l3,133
i17,e01,c5,p21,l3,43
i39,e01,c5,p35,l3,253
i38,e11,c1,p09,l2,44
i06,e01,c5,p20,l3,22
i06,e10,c5,p08,l1,17
i38,e10,c1,p19,l1,75
i39,e01,c5,p01,l3,27
i06,e04,c5,p20,l1,35
i06,e08,c5,p23,l2,1313
i06,e10,c5,p23,l1,15
i06,e01,c5,p07,l3,74
i43,e09,c1,p03,l3,8
i38,e10,c4,p29,l3,138
i43,e09,c1,p11,l3,3
i38,e10,c4,p35,l3,54
i06,e11,c5,p30,l2,39
i54,e01,c1,p35,l3,3
i05,e09,c1,p13,l3,2
i41,e07,c1,p02,l3,21
i05,e01,c1,p24,l3,10
i16,e08,c5,p32,l3,9
i05,e09,c1,p24,l3,12
i17,e11,c5,p24,l3,63
i06,e04,c5,p18,l1,104
i38,e12,c1,p18,l3,62
i30,e04,c1,p21,l3,32
i38,e09,c1,p35,l2,10
i30,e01,c1,p13,l3,5
i66,e04,c3,p35,l3,9
i37,e10,c5,p33,l3,8
i07,e08,c5,p05,l3,22
i46,e01,c1,p04,l3,6
i41,e11,c1,p19,l3,3
i38,e08,c4,p10,l2,17
i06,e10,c3,p22,l3,2
i05,e01,c1,p11,l3,2
i17,e08,c5,p23,l3,5
i34,e01,c5,p03,l3,9
i17,e08,c5,p09,l3,10
i05,e05,c1,p16,l3,1
i46,e04,c1,p10,l3,7
i39,e01,c5,p05,l3,3
i30,e01,c1,p22,l3,3
i66,e04,c3,p17,l3,1
i39,e01,c5,p23,l3,2
i14,e13,c5,p07,l3,2
i23,e01,c5,p19,l3,3
i39,e09,c5,p11,l3,4
i14,e11,c5,p16,l3,2
i01,e04,c1,p18,l3,4
i25,e03,c5,p29,l3,1
i38,e04,c1,p18,l1,3
i22,e05,c5,p19,l3,1
i05,e08,c1,p14,l3,1
i34,e01,c5,p04,l3,1
i41,e01,c1,p28,l3,1
i05,e09,c1,p07,l3,1
i06,e08,c3,p15,l2,1
i07,e12,c5,p04,l3,1
i41,e07,c1,p22,l3,1
i05,e06,c1,p15,l3,1
i02,e01,c1,p10,l3,168
i06,e11,c5,p19,l2,2042
i38,e10,c1,p15,l3,9614
i38,e10,c1,p17,l3,9066
i17,e04,c5,p15,l3,74
i06,e10,c5,p12,l3,23824
i38,e04,c1,p19,l1,168
i38,e10,c4,p21,l4,43
i38,e10,c1,p05,l4,1412
i38,e01,c1,p26,l3,7
i06,e10,c3,p13,l3,89
i17,e11,c5,p19,l3,172
i34,e03,c5,p25,l3,21
i39,e04,c5,p13,l3,44
i46,e11,c1,p19,l3,241
i38,e09,c1,p12,l2,28
i06,e01,c5,p05,l3,100
i06,e10,c5,p18,l2,27
i38,e06,c1,p12,l3,412
i06,e10,c5,p11,l2,85
i34,e03,c5,p19,l3,205
i41,e08,c1,p01,l3,14
i19,e10,c5,p35,l3,95
i38,e06,c1,p09,l3,265
i19,e10,c5,p35,l4,39
i06,e12,c5,p12,l3,998
i02,e09,c1,p06,l3,20
i38,e10,c1,unknown,l4,12
i38,e08,c1,p35,l2,404
i38,e10,c1,p30,l2,4
i38,e01,c4,p07,l3,3
i02,e01,c1,p02,l3,35
i02,e01,c1,p31,l3,3
i23,e01,c5,p02,l3,4
i06,e01,c5,p14,l3,40
i46,e08,c1,p22,l3,216
i17,e08,c5,p05,l3,44
i43,e01,c1,p21,l3,15
i34,e03,c5,p16,l3,86
i38,e09,c1,p15,l2,39
i06,e12,c5,p09,l3,119
i46,e09,c1,p19,l3,7
i41,e01,c1,p10,l3,16
i34,e08,c5,p01,l3,32
i12,e04,c5,p07,l3,8
i14,e08,c5,p07,l3,52
i17,e08,c5,p20,l3,7
i03,e10,c5,p12,l3,12
i67,e10,c5,p19,l3,8
i05,e03,c1,p21,l3,4
i03,e10,c5,p02,l3,4
i21,e12,c1,p15,l3,3
i05,e01,c1,p22,l3,1
i06,e07,c5,p18,l2,3
i14,e11,c5,p33,l3,2
i46,e09,c1,p16,l3,13
i39,e01,c5,p14,l3,2
i02,e06,c1,p11,l3,1
i17,e08,c5,p25,l3,2
i38,e07,c1,p10,l2,10
i14,e04,c5,p08,l3,1
i38,e10,c4,p01,l2,2
i01,e08,c1,p07,l3,4
i38,e06,c4,p06,l3,1
i32,e11,c5,p13,l3,2
i17,e05,c5,p32,l3,1
i23,e01,c5,p18,l3,1
i05,e05,c1,p35,l3,1
i14,e05,c5,p12,l3,1
i14,e12,c5,p32,l3,2
i41,e07,c1,p32,l3,2
i16,e09,c5,p22,l3,1
i43,e01,c1,p09,l3,1
i16,e01,c5,p23,l3,1
i06,e01,c5,p28,l3,26
i38,e10,c1,p25,l4,179
i02,e08,c1,p10,l3,833
i38,e11,c1,p14,l2,40
i20,e04,c5,p10,l3,3
i28,e08,c1,p35,l3,33643
i38,e10,c1,p35,l3,613
i38,e10,c1,p26,l4,151
i02,e04,c1,p02,l3,47
i17,e09,c5,p04,l3,14
i38,e12,c1,p10,l3,161
i02,e01,c1,p21,l3,106
i31,e11,c1,p35,l3,46
i46,e11,c1,p23,l3,36
i22,e05,c5,p15,l3,2
i07,e12,c5,p35,l3,112
i38,e10,c7,p18,l4,3
i06,e04,c5,p15,l1,200
i38,e10,c1,p31,l2,4
i34,e03,c5,p08,l3,32
i46,e11,c1,p20,l3,113
i38,e01,c1,p03,l3,73
i05,e12,c1,p11,l3,19
i16,e04,c5,p02,l3,3
i34,e09,c5,p35,l3,12
i38,e06,c7,p10,l3,28
i16,e04,c5,p13,l3,11
i41,e12,c1,p06,l3,4
i21,e09,c1,p19,l3,2
i07,e01,c5,p35,l3,9
i38,e10,c4,p23,l2,22
i05,e07,c1,p02,l3,1
i38,e06,c4,p02,l3,29
i02,e08,c1,p06,l3,74
i46,e11,c1,p05,l3,12
i17,e08,c5,p16,l3,50
i17,e09,c5,p09,l3,6
i05,e03,c1,p15,l3,2
i38,e11,c4,p08,l2,3
i34,e01,c5,p28,l3,2
i49,e08,c1,p33,l3,5
i17,e04,c5,p28,l3,18
i14,e11,c5,p03,l3,2
i03,e08,c5,p04,l3,1
i16,e01,c5,p09,l3,6
i49,e09,c1,p33,l3,1
i46,e09,c1,p01,l3,5
i02,e09,c4,p35,l3,1
i63,e10,c1,p35,l4,7
i30,e04,c1,p22,l3,6
i38,e08,c1,p31,l2,6
i14,e11,c5,p12,l3,2
i16,e09,c5,p28,l3,2
i43,e01,c1,p15,l3,1
i03,e09,c5,p10,l3,2
i46,e08,c1,p14,l3,3
i14,e04,c5,p02,l3,1
i35,e01,c2,p35,l3,2
i13,e08,c5,p08,l3,4
i19,e04,c5,p35,l3,5
i66,e04,c3,p18,l3,1
i16,e04,c5,p12,l3,1
i30,e01,c1,p17,l3,1
i27,e09,c5,p08,l3,1
i14,e04,c5,p22,l3,1
i17,e09,c5,p32,l3,1
i38,e06,c1,p19,l3,2629
i38,e10,c1,p13,l4,2473
i06,e11,c5,p03,l2,631
i38,e11,c1,p02,l2,64
i06,e10,c5,p10,l2,158
i38,e10,c4,p22,l3,15
i06,e08,c5,p02,l2,472
i38,e11,c1,p12,l2,105
i01,e01,c1,p35,l3,61
i06,e08,c5,p21,l2,2245
i38,e04,c1,p32,l1,73
i18,e04,c1,p35,l3,47
i06,e12,c5,p02,l3,245
i02,e09,c1,p18,l3,30
i46,e05,c1,p35,l3,3
i06,e12,c5,p18,l3,447
i06,e08,c5,p25,l2,655
i06,e11,c5,p13,l2,207
i38,e10,c4,p14,l3,59
i17,e04,c5,p21,l3,141
i01,e11,c1,p35,l3,39
i07,e08,c5,p35,l3,170
i38,e10,c4,p11,l3,279
i32,e08,c5,p35,l3,14
i13,e11,c5,p08,l3,11
i05,e01,c1,p19,l3,28
i06,e01,c5,p32,l3,36
i46,e08,c1,p01,l3,26
i06,e10,c5,p33,l3,50
i03,e10,c5,p24,l3,11
i39,e09,c5,p21,l3,51
i05,e07,c1,p11,l3,10
i30,e01,c1,p19,l3,11
i12,e04,c5,p01,l3,24
i34,e03,c5,p06,l3,20
i38,e09,c1,p25,l2,5
i43,e03,c1,p35,l3,3
i46,e11,c1,p03,l3,23
i06,e07,c5,p29,l2,2
i05,e04,c1,p17,l3,5
i01,e11,c1,p01,l3,9
i43,e01,c1,p04,l3,3
i27,e04,c5,p12,l3,3
i38,e09,c4,p10,l2,18
i06,e04,c5,p30,l1,7
i06,e12,c5,p26,l3,10
i41,e07,c1,p12,l3,4
i41,e09,c1,p01,l3,7
i38,e10,c7,p32,l2,5
i16,e01,c5,p18,l3,3
i01,e08,c1,p24,l3,3
i109,e11,c3,p10,l3,4
i38,e05,c1,p32,l1,1
i36,e04,c5,p35,l3,5
i01,e08,c1,p13,l3,5
i38,e12,c4,p11,l3,1
i06,e10,c3,p08,l1,1
i06,e07,c5,p08,l2,2
i21,e01,c1,p03,l3,2
i24,e08,c1,p01,l3,1
i03,e10,c5,p08,l3,2
i14,e09,c5,p24,l3,1
i38,e10,c1,p06,l3,2832
i38,e10,c1,p32,l3,1828
i06,e10,c5,p19,l2,115
i15,e09,c6,p35,l3,169
i46,e11,c1,p01,l3,280
i06,e10,c3,p13,l4,11
i02,e08,c1,p35,l3,190
i38,e06,c4,p21,l3,41
i38,e08,c1,p04,l2,1098
i38,e09,c1,p06,l2,19
i38,e10,c7,p10,l2,24
i05,e04,c1,p05,l3,8
i46,e08,c1,p29,l3,129
i38,e08,c1,p09,l2,53
i02,e01,c1,p01,l3,100
i23,e13,c5,p10,l3,5
i38,e11,c1,p35,l2,86
i30,e01,c1,p10,l3,24
i06,e12,c5,p06,l3,375
i39,e04,c5,p21,l3,85
i06,e10,c5,p04,l1,24
i21,e04,c1,p12,l3,3
i06,e09,c5,p01,l2,89
i05,e07,c1,p22,l3,2
i17,e08,c5,p11,l3,30
i14,e08,c5,p32,l3,29
i34,e04,c5,p06,l3,7
i06,e04,c3,p11,l1,5
i59,e08,c5,p10,l3,6
i12,e04,c5,p06,l3,5
i38,e10,c7,p03,l4,3
i22,e05,c3,p35,l3,1
i38,e06,c4,p17,l3,31
i05,e03,c1,p11,l3,3
i13,e08,c5,p03,l3,3
i16,e08,c5,p07,l3,24
i38,e10,c4,p28,l4,8
i17,e01,c5,p05,l3,16
i12,e08,c5,p07,l3,2
i41,e01,c1,p04,l3,2
i38,e01,c1,p02,l3,13
i06,e10,c5,p09,l1,12
i41,e07,c1,p21,l3,5
i38,e09,c4,p17,l2,1
i06,e02,c5,p15,l1,1
i13,e04,c5,p06,l3,1
i38,e10,c1,p33,l3,2
i38,e11,c4,p02,l2,1
i38,e10,c4,p28,l3,3
i12,e04,c5,p15,l3,9
i30,e09,c1,p05,l3,2
i43,e09,c1,p07,l3,2
i13,e08,c5,p11,l3,5
i48,e11,c1,p12,l3,1
i38,e08,c4,p09,l2,1
i06,e10,c3,p03,l3,6
i14,e08,c5,p28,l3,4
i16,e09,c5,p13,l3,1
i17,e09,c5,p22,l3,3
i38,e09,c1,p31,l2,4
i14,e08,c3,p17,l3,1
i38,e08,c4,p19,l2,1
i75,e08,c1,p35,l3,1
i41,e01,c1,p22,l3,1
i38,e10,c7,p01,l3,3
i30,e04,c1,p02,l3,2
i38,e12,c1,p20,l3,1
i05,e09,c1,p11,l3,2
i13,e08,c5,p02,l3,1
i05,e06,c1,p09,l3,1
i23,e01,c5,p01,l3,1
i38,e10,c1,p07,l3,8312
i38,e10,c1,p05,l3,8882
i06,e10,c5,p25,l4,719
i14,e12,c5,p19,l3,29
i38,e10,c1,p14,l2,36
i06,e10,c3,p10,l3,748
i38,e10,c1,p35,l2,890
i38,e04,c1,p13,l1,361
i06,e11,c5,p11,l2,623
i02,e04,c1,p14,l3,47
i38,e01,c1,p17,l3,26
i02,e01,c1,p05,l3,62
i38,e10,c4,p18,l4,12
i06,e12,c5,p21,l3,686
i06,e09,c5,p28,l2,19
i39,e01,c5,p31,l3,6
i02,e09,c1,p12,l3,79
i49,e10,c1,p01,l3,80
i17,e01,c5,p19,l3,56
i39,e04,c5,p23,l3,16
i38,e09,c1,p11,l2,52
i06,e10,c3,p02,l3,27
i02,e08,c1,p25,l3,99
i30,e04,c1,p11,l3,10
i34,e01,c5,p19,l3,64
i05,e08,c1,p21,l3,15
i34,e04,c5,p05,l3,29
i41,e01,c1,p16,l3,4
i30,e04,c1,p19,l3,17
i17,e04,c5,p24,l3,29
i39,e04,c5,p02,l3,25
i17,e08,c5,p08,l3,20
i05,e09,c1,p18,l3,2
i22,e05,c5,p10,l3,3
i27,e09,c5,p19,l3,4
i06,e10,c3,p21,l4,7
i06,e09,c5,p23,l2,36
i16,e04,c5,p04,l3,3
i38,e09,c1,p04,l2,12
i06,e04,c5,p25,l1,22
i05,e01,c1,p21,l3,1
i25,e08,c5,p10,l3,9
i17,e09,c5,p18,l3,21
i34,e03,c5,p04,l3,24
i01,e08,c1,p12,l3,27
i05,e09,c1,p17,l3,4
i42,e02,c3,p09,l3,1
i12,e09,c5,p13,l3,2
i23,e03,c5,p19,l3,6
i07,e09,c5,p19,l3,2
i38,e01,c1,p22,l3,15
i05,e03,c1,p02,l3,2
i41,e04,c1,p11,l3,6
i14,e11,c5,p23,l3,4
i34,e01,c5,p23,l3,3
i38,e10,c1,p02,l1,9
i06,e07,c5,p19,l2,6
i23,e09,c5,p02,l3,3
i46,e08,c1,p12,l3,4
i12,e04,c5,p17,l3,8
i109,e01,c3,p10,l3,5
i23,e01,c5,p06,l3,1
i46,e08,c4,p19,l3,2
i27,e01,c5,p01,l3,2
i31,e05,c1,p35,l3,2
i16,e05,c3,p16,l3,1
i06,e07,c5,p22,l2,1
i39,e01,c5,p25,l3,2
i14,e01,c5,p25,l3,1
i42,e05,c5,p16,l3,1
i34,e08,c5,p30,l3,1
i38,e11,c1,p33,l2,1
i46,e04,c1,p23,l3,1
i38,e10,c1,p10,l4,10402
i38,e10,c1,p18,l4,799
i38,e10,c1,p04,l4,762
i38,e10,c1,p17,l4,1524
i17,e11,c5,p25,l3,54
i06,e11,c5,p22,l2,159
i38,e11,c4,p03,l2,15
i14,e12,c5,p22,l3,1
i38,e06,c4,p10,l3,120
i38,e07,c1,p12,l2,2
i16,e01,c5,p10,l3,6
i06,e11,c5,p29,l2,353
i38,e06,c1,p20,l3,45
i34,e03,c5,p05,l3,59
i17,e04,c5,p05,l3,39
i38,e01,c7,p13,l3,24
i23,e04,c5,p15,l3,13
i02,e08,c1,p18,l3,463
i21,e03,c1,p10,l3,9
i01,e01,c1,p10,l3,13
i38,e10,c1,unknown,l3,9
i05,e07,c1,p19,l3,42
i19,e11,c5,p35,l3,79
i01,e01,c1,p03,l3,11
i02,e08,c1,p04,l3,108
i38,e10,c1,p23,l1,8
i16,e08,c5,p09,l3,79
i17,e08,c5,p04,l3,27
i32,e11,c5,p02,l3,16
i02,e09,c1,p23,l3,37
i36,e08,c5,p35,l3,22
i33,e10,c1,p10,l3,3
i29,e09,c5,p35,l3,4
i38,e08,c1,p02,l2,44
i34,e03,c5,p32,l3,23
i17,e08,c5,p15,l3,45
i34,e01,c5,p12,l3,5
i14,e08,c5,p35,l3,32
i12,e08,c5,p11,l3,2
i41,e08,c1,p07,l3,3
i01,e01,c1,p15,l3,3
i38,e12,c4,p08,l3,2
i39,e04,c5,p04,l3,9
i05,e01,c1,p03,l3,2
i16,e08,c5,p08,l3,21
i34,e09,c5,p01,l3,8
i38,e07,c4,p11,l2,1
i38,e10,c1,unknown,l3,6
i46,e09,c1,p12,l3,1
i01,e01,c1,p07,l3,3
i06,e07,c5,p06,l2,2
i46,e08,c1,p26,l3,2
i16,e08,c5,p15,l3,4
i38,e11,c4,p35,l2,2
i12,e08,c5,p22,l3,6
i02,e08,c7,p12,l3,1
i12,e09,c5,p32,l3,3
i06,e05,c5,p17,l1,1
i05,e09,c1,p29,l3,2
i42,e05,c3,p22,l3,2
i38,e08,c4,p02,l2,1
i09,e01,c5,p19,l3,1
i24,e08,c1,p22,l3,1
i23,e09,c5,p04,l3,1
i46,e05,c4,p13,l3,1
i25,e03,c5,p01,l3,1
i87,e04,c5,p21,l3,1
i14,e13,c5,p21,l3,1
i43,e08,c1,p01,l3,1
i12,e09,c5,p16,l3,1
i38,e01,c1,unknown,l3,1
i13,e03,c5,p15,l3,1
i03,e01,c5,p11,l3,1
i30,e04,c1,p24,l3,1
i67,e01,c5,p21,l3,1
i06,e02,c5,p09,l1,1
i06,e11,c5,p06,l2,351
i46,e11,c1,p35,l3,5649
i06,e11,c5,p21,l2,723
i15,e04,c2,p35,l3,2034
i02,e01,c1,p09,l3,20
i06,e12,c5,p35,l3,960
i06,e12,c5,p07,l3,382
i38,e08,c1,p29,l2,54
i06,e08,c5,p18,l2,1193
i17,e08,c5,p10,l3,283
i46,e11,c1,p21,l3,91
i38,e10,c1,p03,l3,12060
i06,e04,c5,p35,l1,173
i34,e09,c5,p10,l3,37
i38,e10,c1,p03,l1,26
i38,e10,c1,p16,l1,9
i34,e09,c5,p19,l3,86
i17,e04,c5,p01,l3,136
i17,e04,c5,p23,l3,8
i38,e10,c4,p12,l4,15
i38,e10,c1,p35,l4,628
i38,e11,c1,p17,l2,136
i38,e10,c4,p05,l3,180
i38,e10,c1,p04,l2,20
i38,e09,c1,p18,l2,15
i06,e10,c5,p17,l2,40
i38,e04,c7,p13,l1,50
i34,e01,c5,p32,l3,7
i06,e10,c5,p03,l1,40
i14,e04,c5,p19,l3,6
i06,e10,c5,p05,l2,95
i38,e10,c7,p18,l2,4
i06,e10,c5,p06,l2,43
i38,e08,c1,p16,l2,62
i41,e08,c1,p19,l3,7
i02,e04,c4,p15,l3,1
i38,e06,c1,p30,l3,11
i01,e11,c1,p32,l3,15
i06,e07,c5,p17,l2,2
i13,e11,c5,p01,l3,20
i14,e11,c5,p35,l3,4
i38,e06,c4,p15,l3,2
i34,e01,c5,p07,l3,1
i42,e05,c5,p10,l3,11
i16,e04,c5,p18,l3,5
i41,e07,c1,p11,l3,3
i17,e09,c5,p17,l3,9
i38,e04,c1,p31,l1,19
i30,e01,c1,p11,l3,9
i12,e01,c5,p03,l3,10
i02,e01,c1,p25,l3,3
i06,e08,c3,p02,l2,1
i05,e08,c1,p22,l3,5
i12,e09,c5,p17,l3,3
i17,e09,c5,p16,l3,8
i38,e10,c4,p35,l4,11
i14,e04,c5,p24,l3,6
i48,e04,c1,p03,l3,1
i39,e09,c5,p06,l3,6
i38,e11,c4,p15,l2,7
i39,e04,c5,p31,l3,8
i14,e04,c5,p11,l3,1
i06,e08,c3,p35,l2,1
i05,e07,c1,p17,l3,3
i01,e09,c1,p18,l3,2
i38,e12,c1,p24,l3,2
i38,e07,c1,p18,l2,1
i17,e01,c5,p33,l3,2
i06,e02,c5,p08,l1,1
i16,e01,c5,p06,l3,2
i13,e12,c5,p14,l3,1
i06,e08,c5,p10,l2,5891
i06,e08,c5,p22,l2,808
i06,e10,c5,p10,l4,7575
i17,e08,c5,p29,l3,32
i14,e04,c5,p16,l3,127
i06,e10,c5,p29,l4,1677
i06,e11,c5,p18,l2,399
i14,e04,c5,p17,l3,11
i17,e08,c5,p14,l3,32
i38,e06,c1,p10,l3,4445
i39,e04,c5,p01,l3,33
i38,e10,c1,p14,l3,2510
i14,e08,c5,p03,l3,95
i06,e09,c5,p04,l2,40
i01,e04,c1,p35,l3,32
i02,e09,c1,p10,l3,197
i38,e10,c4,p17,l4,48
i02,e01,c1,p04,l3,151
i02,e04,c1,p35,l3,126
i38,e11,c4,p05,l2,4
i06,e09,c5,p03,l2,94
i38,e01,c1,p15,l3,29
i05,e03,c1,p05,l3,1
i05,e08,c1,p19,l3,58
i16,e08,c5,p10,l3,38
i34,e03,c5,p24,l3,45
i05,e08,c1,p29,l3,2
i02,e01,c1,p06,l3,30
i23,e09,c5,p07,l3,1
i06,e10,c3,p14,l3,8
i34,e09,c5,p11,l3,9
i43,e08,c1,p07,l3,2
i39,e09,c5,p24,l3,5
i38,e08,c1,p28,l2,20
i14,e04,c5,p07,l3,6
i12,e04,c5,p32,l3,4
i38,e04,c1,p28,l1,11
i05,e03,c1,p01,l3,2
i38,e10,c1,p22,l2,14
i07,e09,c5,p35,l3,9
i38,e10,c4,p04,l1,3
i38,e10,c7,p18,l3,3
i16,e01,c5,p11,l3,3
i38,e11,c4,p31,l2,1
i16,e04,c5,p01,l3,9
i23,e04,c5,p29,l3,4
i38,e10,c1,p21,l1,11
i14,e01,c5,p01,l3,2
i38,e11,c4,p13,l2,3
i46,e09,c1,p07,l3,5
i41,e07,c1,p31,l3,3
i31,e01,c1,p35,l3,5
i06,e10,c3,p31,l3,4
i03,e09,c5,p29,l3,1
i38,e05,c1,p12,l1,1
i02,e08,c4,p28,l3,1
i16,e09,c5,p15,l3,1
i23,e03,c5,p07,l3,2
i27,e09,c5,p35,l3,3
i47,e09,c1,p11,l3,2
i43,e01,c1,p05,l3,2
i44,e09,c3,p35,l3,1
i06,e02,c5,p06,l1,1
i17,e09,c5,p20,l3,2
i05,e06,c1,p28,l3,2
i04,e05,c3,p24,l3,1
i12,e04,c5,p25,l3,1
i06,e02,c5,p35,l1,1
i06,e10,c5,p01,l3,33064
i16,e08,c5,p14,l3,30
i06,e08,c5,p06,l2,1048
i34,e04,c5,p35,l3,42
i38,e10,c1,p31,l3,709
i38,e10,c1,p14,l4,353
i02,e04,c1,p03,l3,123
i47,e01,c1,p35,l3,288
i06,e10,c5,p02,l3,13103
i14,e05,c5,p16,l3,2
i12,e08,c5,p05,l3,9
i06,e10,c5,p22,l4,1046
i38,e10,c4,p12,l3,110
i38,e05,c1,p10,l1,5
i02,e01,c1,p07,l3,67
i38,e10,c4,p08,l3,165
i06,e10,c3,p23,l3,8
i14,e11,c5,p19,l3,4
i34,e03,c5,p11,l3,94
i41,e01,c1,p01,l3,7
i34,e03,c5,p18,l3,69
i38,e04,c1,p21,l1,52
i30,e01,c1,p04,l3,8
i06,e10,c5,p12,l1,34
i12,e09,c5,p10,l3,7
i18,e09,c1,p35,l3,31
i22,e05,c5,p18,l3,1
i46,e08,c1,p09,l3,3
i38,e11,c1,p22,l2,27
i43,e09,c1,p19,l3,16
i17,e11,c5,p08,l3,64
i12,e08,c5,p10,l3,18
i01,e08,c1,p32,l3,17
i38,e12,c1,p04,l3,7
i38,e10,c4,p14,l4,18
i13,e08,c5,p06,l3,16
i16,e08,c5,p16,l3,21
i06,e09,c5,p17,l2,63
i07,e12,c5,p10,l3,9
i05,e06,c1,p35,l3,12
i02,e11,c1,p07,l3,5
i14,e01,c5,p14,l3,3
i38,e10,c4,p09,l4,7
i05,e01,c1,p05,l3,12
i07,e08,c5,p10,l3,9
i41,e07,c1,p24,l3,1
i05,e08,c1,p28,l3,6
i30,e04,c1,p01,l3,11
i12,e04,c5,p23,l3,2
i01,e08,c1,p20,l3,7
i23,e04,c5,p02,l3,2
i39,e09,c5,p14,l3,8
i32,e08,c5,p09,l3,1
i38,e07,c1,p14,l2,2
i17,e09,c5,p31,l3,4
i14,e11,c5,p13,l3,1
i12,e08,c5,p18,l3,6
i14,e12,c5,p21,l3,2
i27,e10,c5,p05,l3,4
i43,e01,c1,p14,l3,1
i38,e05,c1,p25,l1,1
i38,e04,c1,p25,l1,2
i05,e08,c1,p02,l3,5
i03,e09,c5,p01,l3,2
i16,e11,c5,p01,l3,1
i01,e11,c1,p19,l3,4
i14,e04,c5,p03,l3,1
i14,e04,c5,p04,l3,3
i16,e08,c5,p31,l3,1
i23,e09,c5,p23,l3,1
i13,e11,c5,p14,l3,1
i08,e04,c1,p10,l3,1
i14,e08,c5,p26,l3,1
i16,e09,c5,p08,l3,1
i03,e09,c5,p21,l3,1
i38,e01,c1,unknown,l3,1
i14,e09,c5,p15,l3,2
i41,e04,c1,p13,l3,1
i06,e10,c5,p35,l3,18791
i06,e10,c5,p13,l3,19884
i06,e10,c5,p24,l3,19845
i06,e10,c5,p25,l3,6683
i31,e08,c1,p35,l3,376
i06,e12,c5,p16,l3,806
i17,e11,c5,p21,l3,187
i23,e03,c5,p10,l3,19
i05,e12,c1,p12,l3,11
i38,e10,c1,unknown,l3,81
i43,e09,c1,p10,l3,22
i02,e09,c1,p02,l3,56
i46,e08,c1,p15,l3,21
i17,e01,c5,p17,l3,8
i06,e04,c5,p14,l1,90
i38,e11,c1,p08,l2,32
i38,e06,c1,p16,l3,382
i18,e12,c1,p35,l3,4
i38,e06,c1,p14,l3,67
i06,e10,c5,p26,l2,2
i34,e08,c5,p15,l3,16
i43,e01,c1,p35,l3,5
i39,e09,c5,p01,l3,17
i17,e11,c5,p31,l3,22
i39,e01,c5,p10,l3,36
i34,e04,c5,p03,l3,9
i18,e11,c1,p35,l3,35
i27,e01,c5,p35,l3,6
i17,e11,c5,p22,l3,31
i17,e09,c5,p25,l3,3
i34,e08,c5,p28,l3,19
i43,e04,c1,p04,l3,8
i38,e10,c7,p32,l3,8
i38,e09,c7,p10,l2,6
i38,e10,c4,p23,l4,10
i38,e06,c4,p04,l3,29
i34,e09,c5,p21,l3,4
i02,e04,c1,p09,l3,15
i46,e04,c4,p11,l3,2
i46,e11,c1,p07,l3,3
i34,e03,c5,p29,l3,35
i46,e01,c1,p16,l3,7
i05,e04,c1,p24,l3,4
i38,e06,c4,p11,l3,1
i05,e04,c1,p03,l3,2
i09,e09,c5,p24,l3,2
i38,e08,c4,p05,l2,6
i38,e12,c1,p16,l3,6
i14,e01,c5,p11,l3,3
i38,e11,c4,p21,l2,3
i38,e11,c4,p14,l2,2
i06,e10,c3,p24,l4,3
i43,e03,c1,p19,l3,2
i01,e11,c1,p10,l3,2
i12,e08,c5,p17,l3,2
i38,e10,c1,unknown,l4,2
i16,e08,c5,p19,l3,23
i38,e04,c1,p26,l1,3
i14,e01,c5,p29,l3,2
i02,e09,c4,p15,l3,2
i16,e01,c5,p22,l3,1
i23,e04,c5,p32,l3,2
i27,e04,c5,p11,l3,2
i16,e08,c3,p11,l3,10
i17,e01,c3,p25,l3,1
i43,e01,c1,p24,l3,1
i05,e12,c1,p18,l3,2
i41,e07,c1,p16,l3,1
i03,e01,c5,p17,l3,1
i03,e10,c5,p23,l3,1
i06,e04,c3,p15,l1,1
i06,e10,c5,p14,l3,17974
i38,e10,c1,p01,l3,11584
i38,e10,c1,p28,l3,1693
i38,e06,c1,p21,l3,904
i06,e10,c5,p17,l4,2206
i06,e10,c5,p08,l4,926
i17,e01,c5,p01,l3,28
i06,e11,c5,p12,l2,635
i06,e08,c5,p01,l2,1893
i38,e06,c1,p24,l3,371
i38,e04,c1,p10,l1,609
i06,e12,c5,p03,l3,526
i06,e08,c5,p08,l2,561
i06,e08,c5,p13,l2,1984
i49,e10,c1,p33,l3,38
i38,e10,c4,p09,l3,52
i06,e09,c5,p35,l2,80
i06,e12,c5,p13,l3,281
i38,e10,c1,p05,l2,25
i46,e11,c4,p11,l3,156
i38,e10,c1,p05,l1,12
i06,e10,c5,p02,l1,28
i06,e12,c5,p20,l3,264
i05,e07,c1,p18,l3,7
i06,e08,c5,p31,l2,94
i38,e04,c4,p13,l1,20
i01,e08,c1,p22,l3,9
i30,e09,c1,p10,l3,14
i06,e08,c5,p33,l2,29
i17,e01,c5,p04,l3,18
i02,e01,c1,p18,l3,39
i16,e08,c5,p24,l3,29
i41,e08,c1,p24,l3,11
i17,e08,c5,p22,l3,19
i08,e08,c1,p10,l3,2
i16,e04,c5,p11,l3,7
i06,e12,c5,p32,l3,57
i74,e08,c5,p11,l3,24
i06,e01,c5,p23,l3,28
i05,e03,c1,p31,l3,4
i73,e04,c3,p35,l3,3
i38,e12,c1,p17,l3,6
i43,e04,c1,p35,l3,15
i33,e03,c1,p05,l3,3
i34,e08,c5,p13,l3,17
i02,e04,c1,p31,l3,3
i01,e08,c1,p16,l3,82
i14,e12,c5,p28,l3,2
i46,e08,c1,p05,l3,8
i144,e04,c5,p10,l3,2
i38,e10,c1,p18,l1,8
i07,e12,c5,p29,l3,1
i17,e01,c3,p19,l3,1
i34,e08,c5,p02,l3,3
i12,e09,c5,p11,l3,1
i41,e07,c1,p29,l3,2
i47,e01,c4,p35,l3,5
i08,e09,c1,p10,l3,1
i23,e08,c5,p14,l3,7
i01,e09,c1,p05,l3,1
i46,e11,c1,p14,l3,1
i21,e12,c1,p16,l3,1
i23,e03,c5,p03,l3,3
i07,e12,c5,p07,l3,1
i03,e08,c5,p17,l3,2
i12,e04,c5,p14,l3,1
i05,e06,c1,p01,l3,2
i06,e10,c5,p05,l3,35490
i38,e10,c1,p15,l4,1594
i38,e06,c1,p15,l3,579
i14,e12,c5,p10,l3,518
i38,e11,c1,p10,l2,954
i19,e11,c5,p10,l3,73
i06,e10,c5,p12,l4,2250
i01,e08,c1,p04,l3,21
i38,e11,c1,p07,l2,140
i38,e06,c1,p03,l3,812
i34,e08,c5,p05,l3,23
i17,e01,c5,p18,l3,13
i38,e08,c1,p11,l2,1897
i38,e10,c1,p25,l2,15
i17,e08,c5,p12,l3,36
i38,e11,c1,p06,l2,52
i41,e11,c1,p13,l3,20
i39,e04,c5,p29,l3,54
i38,e08,c1,p12,l2,122
i05,e08,c1,p35,l3,5244
i38,e10,c7,p13,l3,76
i38,e09,c1,p24,l2,14
i64,e11,c3,p35,l3,8
i34,e08,c5,p17,l3,57
i34,e08,c5,p18,l3,31
i34,e09,c5,p06,l3,14
i05,e07,c1,p10,l3,23
i38,e01,c4,p13,l3,9
i32,e11,c5,p10,l3,39
i06,e07,c5,p21,l2,6
i39,e01,c5,p13,l3,30
i39,e09,c5,p12,l3,9
i38,e06,c4,p08,l3,58
i38,e08,c1,p25,l2,3
i43,e09,c1,p21,l3,8
i34,e08,c5,p35,l3,36
i21,e03,c1,p19,l3,4
i06,e10,c3,p11,l4,5
i17,e01,c5,p11,l3,17
i43,e04,c1,p13,l3,4
i34,e01,c5,p29,l3,13
i30,e01,c1,p02,l3,3
i14,e11,c5,p15,l3,11
i14,e05,c5,p35,l3,1
i39,e09,c5,p09,l3,5
i38,e09,c1,p08,l2,6
i17,e01,c5,p25,l3,7
i05,e06,c1,p24,l3,2
i46,e01,c1,p24,l3,6
i05,e06,c1,p22,l3,2
i41,e07,c1,p05,l3,4
i46,e11,c1,p32,l3,2
i30,e09,c1,p12,l3,9
i05,e06,c1,p10,l3,14
i02,e04,c1,p25,l3,2
i30,e04,c1,p12,l3,6
i25,e11,c5,p21,l3,16
i22,e02,c5,p06,l3,1
i42,e05,c5,p03,l3,1
i01,e08,c1,p28,l3,9
i16,e01,c5,p21,l3,14
i06,e07,c5,p11,l2,1
i12,e04,c5,p12,l3,1
i38,e09,c4,p18,l2,1
i16,e09,c5,p12,l3,1
i46,e01,c1,p12,l3,3
i22,e05,c5,p13,l3,1
i14,e11,c5,p08,l3,4
i01,e01,c1,p17,l3,1
i14,e12,c5,p24,l3,1
i33,e10,c1,p04,l3,1
i05,e03,c1,p12,l3,2
i42,e05,c5,p29,l3,1
i12,e08,c5,p15,l3,2
i02,e11,c1,p35,l3,1
i05,e01,c1,p02,l3,1
i43,e01,c1,p07,l3,2
i06,e04,c5,p26,l1,1
i21,e03,c1,p05,l3,2
i38,e10,c4,p13,l1,1
i05,e12,c1,p09,l3,1
i38,e04,c1,unknown,l1,2
i41,e08,c1,p11,l3,3
i23,e05,c5,p19,l3,1
i29,e01,c5,p35,l3,2
i12,e01,c5,p04,l3,1
i30,e09,c1,p01,l3,1
i27,e09,c5,p13,l3,1
i42,e02,c5,p10,l3,1
i06,e10,c5,p01,l4,3499
i06,e08,c5,p09,l2,1572
i38,e10,c1,p12,l3,6545
i06,e10,c5,p28,l4,728
i17,e01,c5,p13,l3,25
i34,e08,c5,p10,l3,86
i17,e09,c5,p21,l3,52
i12,e08,c5,p21,l3,11
i38,e10,c1,p08,l2,26
i17,e08,c5,p07,l3,19
i34,e04,c5,p16,l3,52
i38,e10,c1,p01,l2,104
i06,e01,c5,p04,l3,53
i34,e03,c5,p07,l3,51
i46,e11,c1,p11,l3,296
i38,e10,c7,p03,l3,129
i38,e10,c4,p15,l4,64
i02,e04,c1,p01,l3,192
i19,e03,c5,p35,l3,11
i06,e10,c5,p29,l1,46
i38,e10,c4,p25,l3,21
i06,e10,c3,p16,l4,10
i39,e09,c5,p17,l3,31
i23,e13,c5,p07,l3,14
i34,e09,c5,p29,l3,18
i38,e10,c1,p01,l1,17
i06,e01,c5,p31,l3,8
i07,e11,c5,p35,l3,57
i38,e10,c1,p16,l2,22
i05,e07,c1,p12,l3,3
i02,e04,c1,p05,l3,94
i38,e09,c1,p14,l2,22
i06,e10,c5,p25,l2,20
i41,e04,c1,p01,l3,3
i02,e08,c1,p09,l3,76
i34,e03,c5,p02,l3,13
i29,e04,c5,p35,l3,9
i16,e04,c5,p29,l3,6
i17,e08,c5,p18,l3,19
i02,e01,c1,p28,l3,14
i30,e01,c1,p16,l3,1
i39,e09,c5,p19,l3,32
i43,e03,c1,p17,l3,1
i02,e08,c4,p15,l3,2
i26,e01,c1,p35,l3,4
i46,e09,c1,p21,l3,2
i43,e01,c1,p03,l3,5
i41,e09,c1,p16,l3,3
i06,e07,c5,p07,l2,2
i38,e11,c4,p23,l2,1
i144,e08,c5,p10,l3,2
i38,e05,c1,p24,l1,1
i14,e04,c5,p28,l3,2
i13,e01,c5,p10,l3,1
i39,e04,c5,p09,l3,3
i46,e01,c1,p30,l3,2
i46,e04,c1,p06,l3,1
i66,e01,c3,p25,l3,1
i05,e12,c1,p05,l3,1
i41,e08,c1,p06,l3,1
i38,e06,c4,p14,l3,1
i09,e09,c5,p22,l3,1
i38,e08,c4,p11,l2,1
i06,e10,c5,p16,l3,30219
i06,e10,c5,p11,l1,37
i06,e10,c5,p04,l4,1394
i38,e10,c7,p13,l4,95
i38,e06,c1,p18,l3,458
i06,e10,c5,p05,l1,62
i38,e10,c1,unknown,l3,20
i06,e11,c5,p14,l2,220
i02,e08,c1,p01,l3,304
i02,e01,c1,p03,l3,102
i38,e04,c1,p12,l1,30
i06,e08,c5,p12,l2,1380
i06,e09,c5,p10,l2,153
i38,e06,c1,p23,l3,81
i02,e04,c1,p21,l3,88
i38,e11,c1,p21,l2,146
i05,e01,c1,p15,l3,5
i38,e10,c4,p04,l4,17
i38,e08,c1,unknown,l2,35
i38,e10,c1,p18,l2,37
i14,e12,c5,p01,l3,1
i06,e01,c5,p25,l3,11
i02,e09,c1,p05,l3,53
i17,e04,c5,p02,l3,15
i17,e04,c5,p07,l3,37
i02,e08,c1,p28,l3,67
i30,e01,c1,p29,l3,9
i17,e11,c5,p18,l3,63
i66,e01,c3,p07,l3,1
i38,e06,c1,p25,l3,78
i16,e04,c5,p21,l3,14
i06,e08,c5,p32,l2,523
i12,e09,c5,p19,l3,8
i38,e01,c1,p28,l3,11
i14,e08,c5,p02,l3,16
i38,e08,c1,p18,l2,96
i06,e02,c5,p19,l1,2
i19,e08,c5,p10,l3,51
i01,e11,c1,p25,l3,2
i38,e04,c1,p24,l1,19
i17,e01,c5,p16,l3,28
i21,e01,c1,p10,l3,2
i17,e01,c5,p07,l3,13
i02,e01,c1,p20,l3,5
i38,e10,c1,p24,l2,14
i38,e10,c1,p06,l1,5
i07,e12,c5,p19,l3,9
i35,e09,c2,p35,l3,5
i38,e11,c4,p01,l2,7
i07,e01,c5,p16,l3,2
i16,e08,c5,p21,l3,19
i03,e01,c5,p02,l3,1
i17,e01,c5,p22,l3,3
i38,e10,c4,p06,l4,8
i38,e10,c4,p08,l2,9
i41,e09,c1,p04,l3,4
i16,e04,c5,p03,l3,6
i05,e06,c1,p19,l3,12
i38,e10,c1,p25,l1,2
i42,e02,c5,p19,l3,1
i14,e08,c3,p07,l3,3
i14,e05,c5,p04,l3,1
i30,e09,c1,p20,l3,1
i16,e04,c5,p31,l3,1
i38,e10,c1,p06,l2,13
i14,e04,c5,p12,l3,2
i38,e10,c4,p02,l1,1
i94,e09,c1,p35,l3,2
i43,e09,c1,p04,l3,1
i38,e09,c4,p07,l2,1
i38,e12,c4,p21,l3,1
i14,e04,c5,p32,l3,1
i09,e01,c5,p12,l3,1
i06,e10,c5,p17,l3,22583
i38,e10,c1,p16,l3,4964
i38,e10,c1,p24,l3,5083
i06,e10,c5,p13,l1,43
i28,e09,c1,p35,l3,1
i06,e11,c5,p04,l2,329
i06,e12,c5,p28,l3,218
i38,e10,c1,p28,l4,266
i06,e10,c5,p07,l2,93
i38,e08,c1,p13,l2,672
i38,e06,c1,p01,l3,1049
i06,e04,c5,p19,l1,659
i02,e09,c1,p13,l3,90
i38,e06,c1,p32,l3,185
i38,e11,c1,unknown,l2,2
i17,e08,c5,p01,l3,86
i34,e03,c5,p10,l3,538
i06,e01,c5,p24,l3,60
i06,e09,c5,p02,l2,20
i34,e04,c5,p17,l3,35
i02,e09,c1,p24,l3,26
i17,e04,c5,p10,l3,324
i06,e10,c5,p31,l4,291
i06,e09,c5,p22,l2,46
i34,e04,c5,p15,l3,22
i17,e04,c5,p16,l3,43
i14,e09,c5,p01,l3,3
i34,e03,c5,p22,l3,24
i14,e08,c5,p18,l3,56
i39,e01,c5,p11,l3,5
i39,e01,c5,p03,l3,18
i38,e10,c1,p17,l1,17
i38,e01,c1,p07,l3,46
i06,e08,c5,p30,l2,12
i49,e04,c1,p33,l3,2
i05,e07,c1,p25,l3,4
i46,e04,c4,p35,l3,18
i05,e04,c1,p11,l3,19
i16,e09,c5,p17,l3,5
i06,e10,c3,p11,l3,20
i02,e08,c1,p32,l3,16
i46,e01,c1,p21,l3,13
i12,e08,c5,p23,l3,2
i38,e01,c1,p04,l3,19
i38,e11,c1,p26,l2,14
i38,e07,c1,p01,l2,1
i34,e09,c5,p16,l3,4
i06,e10,c3,p29,l1,2
i67,e01,c5,p16,l3,2
i07,e04,c5,p21,l3,1
i14,e12,c5,p29,l3,1
i16,e09,c5,p03,l3,2
i46,e08,c1,p23,l3,6
i01,e01,c1,p12,l3,3
i38,e10,c7,p12,l2,4
i01,e08,c1,p08,l3,2
i13,e08,c5,p15,l3,2
i53,e08,c5,p35,l3,5
i29,e09,c5,p10,l3,1
i16,e04,c5,p16,l3,2
i09,e09,c5,p35,l3,2
i21,e03,c1,p15,l3,1
i06,e05,c5,p18,l1,1
i06,e08,c3,p16,l2,4
i48,e11,c1,p06,l3,1
i09,e04,c5,p16,l3,1
i20,e01,c5,p10,l3,2
i21,e03,c1,p17,l3,2
i03,e09,c5,p13,l3,1
i38,e05,c1,p03,l1,1
i03,e08,c5,p20,l3,1
i16,e09,c5,p14,l3,1
i23,e09,c5,p14,l3,1
i05,e03,c1,p29,l3,1
i17,e11,c5,p23,l3,216
i02,e04,c1,p11,l3,275
i38,e10,c1,p21,l4,1493
i38,e10,c1,p13,l2,401
i16,e09,c5,p10,l3,7
i15,e01,c6,p35,l3,65
i02,e04,c1,p19,l3,736
i38,e10,c1,p04,l1,4
i06,e04,c5,p06,l1,117
i06,e10,c5,p28,l3,6746
i06,e09,c5,p16,l2,78
i16,e08,c5,p12,l3,19
i09,e09,c5,p32,l3,2
i15,e04,c6,p35,l3,87
i05,e01,c1,p35,l3,36
i02,e01,c1,p16,l3,76
i38,e01,c1,p11,l3,53
i06,e10,c5,p01,l1,60
i06,e10,c3,p29,l4,17
i38,e12,c1,p19,l3,10
i05,e01,c1,p17,l3,5
i06,e09,c5,p25,l2,14
i34,e03,c5,p17,l3,38
i17,e11,c5,p32,l3,39
i05,e09,c1,p32,l3,2
i38,e04,c1,p01,l1,56
i38,e10,c1,p11,l1,32
i31,e09,c1,p35,l3,9
i39,e04,c5,p17,l3,49
i16,e01,c5,p17,l3,4
i02,e01,c1,p22,l3,9
i01,e08,c1,p03,l3,50
i01,e01,c1,p21,l3,5
i02,e08,c4,p19,l3,20
i21,e03,c1,p11,l3,1
i03,e10,c5,p16,l3,3
i23,e04,c5,p25,l3,2
i34,e08,c5,p24,l3,7
i02,e01,c1,p32,l3,2
i14,e09,c5,p21,l3,1
i17,e01,c5,p08,l3,6
i01,e01,c1,p28,l3,6
i34,e08,c5,p08,l3,2
i38,e01,c1,p08,l3,6
i06,e05,c5,p23,l1,3
i43,e01,c1,p02,l3,3
i13,e12,c5,p12,l3,1
i41,e08,c1,p22,l3,3
i34,e01,c5,p09,l3,3
i46,e09,c1,p17,l3,1
i01,e04,c1,p31,l3,1
i16,e01,c5,p05,l3,2
i06,e08,c3,p10,l2,1
i14,e08,c3,p19,l3,1
i09,e01,c5,p35,l3,1
i66,e09,c3,p25,l3,1
i41,e08,c1,p23,l3,2
i21,e05,c1,p19,l3,1
i13,e11,c5,p15,l3,2
i14,e09,c5,p19,l3,1
i38,e04,c4,p01,l1,1
i03,e10,c5,p13,l3,2
i31,e01,c1,p11,l3,2
i15,e09,c2,p35,l3,2000
i46,e01,c1,p35,l3,667
i38,e10,c1,p21,l3,8217
i38,e10,c1,p01,l4,2479
i38,e10,c1,p24,l4,807
i01,e08,c1,p21,l3,63
i02,e04,c1,p12,l3,112
i06,e12,c5,p17,l3,1311
i38,e10,c1,p02,l3,3677
i38,e11,c1,p19,l2,502
i06,e04,c5,p05,l1,196
i38,e11,c1,p04,l2,75
i38,e10,c1,p03,l4,2568
i38,e10,c1,p20,l4,135
i17,e04,c5,p22,l3,28
i06,e04,c5,p23,l1,67
i06,e11,c5,p32,l2,115
i06,e04,c5,p01,l1,156
i06,e10,c3,p05,l3,185
i38,e11,c1,p18,l2,71
i38,e10,c4,p07,l3,183
i06,e01,c5,p18,l3,88
i38,e04,c1,p07,l1,51
i38,e10,c7,p10,l3,49
i17,e11,c5,p05,l3,163
i06,e01,c5,p15,l3,71
i43,e01,c1,p01,l3,17
i46,e01,c1,p11,l3,15
i16,e08,c5,p02,l3,3
i43,e08,c1,p21,l3,2
i17,e11,c5,p02,l3,11
i01,e01,c1,p19,l3,3
i06,e10,c3,p10,l4,39
i02,e04,c1,p29,l3,56
i06,e10,c5,p32,l1,23
i23,e01,c5,p10,l3,2
i34,e01,c5,p11,l3,8
i38,e10,c1,p29,l2,8
i05,e12,c1,p22,l3,31
i46,e06,c1,p11,l3,1
i38,e08,c1,p22,l2,22
i05,e08,c1,p11,l3,10
i06,e07,c5,p04,l2,2
i43,e09,c1,p13,l3,2
i05,e12,c1,p14,l3,2
i35,e04,c2,p35,l3,6
i38,e04,c1,p22,l1,11
i01,e08,c1,p17,l3,6
i38,e12,c1,p07,l3,7
i41,e04,c1,p22,l3,9
i48,e11,c1,p15,l3,5
i39,e09,c5,p05,l3,5
i23,e04,c5,p13,l3,4
i23,e09,c5,p35,l3,4
i14,e11,c5,p17,l3,2
i12,e04,c5,p13,l3,10
i09,e09,c5,p19,l3,1
i39,e09,c5,p31,l3,1
i42,e05,c5,p05,l3,2
i09,e05,c5,p35,l3,1
i42,e05,c5,p32,l3,2
i34,e03,c5,p20,l3,1
i23,e03,c5,p24,l3,3
i03,e10,c5,p01,l3,1
i39,e01,c5,p20,l3,5
i42,e05,c5,p06,l3,4
i46,e04,c1,p09,l3,1
i38,e09,c1,p23,l2,2
i23,e09,c5,p12,l3,1
i16,e04,c5,p22,l3,4
i16,e01,c5,p29,l3,5
i17,e11,c5,p20,l3,3
i30,e01,c1,p06,l3,1
i16,e04,c5,p08,l3,2
i14,e08,c3,p15,l3,1
i67,e01,c5,p12,l3,1
i05,e12,c1,p15,l3,3
i54,e04,c1,p35,l3,2
i38,e06,c4,p18,l3,1
i06,e01,c5,p11,l3,77
i38,e10,c1,p07,l4,1456
i14,e08,c5,p19,l3,50
i14,e08,c5,p16,l3,129
i06,e10,c5,p26,l3,1047
i38,e06,c1,p05,l3,708
i06,e12,c5,p11,l3,551
i38,e04,c1,p15,l1,11
i13,e08,c5,p17,l3,9
i38,e10,c4,p21,l3,301
i17,e04,c5,p18,l3,54
i38,e10,c1,p11,l4,2044
i17,e08,c5,p32,l3,29
i39,e01,c5,p29,l3,15
i06,e01,c5,p21,l3,114
i46,e11,c4,p35,l3,213
i06,e11,c5,p15,l2,573
i02,e09,c1,p04,l3,75
i46,e11,c1,p29,l3,446
i34,e03,c5,p21,l3,114
i06,e10,c5,p16,l1,62
i39,e01,c5,p09,l3,10
i02,e04,c1,p13,l3,101
i41,e07,c1,p13,l3,1
i39,e04,c5,p15,l3,24
i14,e08,c5,p05,l3,18
i06,e05,c5,p10,l1,3
i39,e09,c5,p04,l3,9
i02,e08,c1,p02,l3,206
i38,e01,c7,p10,l3,6
i30,e04,c1,p04,l3,9
i21,e09,c1,p10,l3,5
i16,e04,c5,p19,l3,13
i38,e12,c1,p05,l3,8
i38,e09,c1,p02,l2,15
i41,e08,c1,p12,l3,14
i38,e01,c1,p35,l3,9
i38,e04,c1,p23,l1,1
i43,e01,c1,p19,l3,8
i39,e09,c5,p29,l3,29
i41,e01,c1,p19,l3,5
i38,e10,c4,p31,l4,10
i14,e09,c5,p10,l3,2
i38,e01,c1,p29,l3,9
i39,e09,c5,p16,l3,5
i38,e11,c4,p09,l2,1
i14,e05,c5,p11,l3,1
i46,e06,c1,p19,l3,1
i117,e08,c1,p35,l3,6
i13,e04,c5,p10,l3,1
i38,e08,c4,p13,l2,5
i30,e04,c1,p05,l3,1
i01,e09,c1,p19,l3,5
i05,e01,c4,p21,l3,1
i23,e03,c5,p21,l3,2
i38,e01,c1,p31,l3,6
i38,e11,c4,p16,l2,1
i22,e05,c5,p11,l3,4
i05,e12,c1,p25,l3,1
i38,e12,c1,p15,l3,6
i13,e03,c5,p21,l3,1
i38,e10,c1,p22,l1,5
i05,e01,c1,p25,l3,4
i13,e03,c5,p19,l3,1
i41,e04,c1,p15,l3,4
i14,e09,c5,p12,l3,1
i48,e11,c1,p05,l3,1
i12,e08,c5,p25,l3,1
i05,e12,c1,p31,l3,1
i38,e09,c1,p20,l2,1
i34,e09,c5,p22,l3,4
i05,e07,c1,p15,l3,1
i30,e01,c1,p20,l3,1
i06,e11,c5,p16,l2,673
i06,e10,c5,p18,l3,20138
i39,e04,c5,p35,l3,490
i06,e10,c5,p02,l4,1295
i38,e10,c4,p07,l1,4
i06,e10,c3,p19,l3,254
i06,e12,c3,p19,l3,1
i38,e08,c1,p07,l2,247
i17,e11,c5,p11,l3,109
i38,e10,c1,p21,l2,185
i38,e10,c1,p11,l2,76
i42,e05,c5,p19,l3,7
i39,e01,c5,p15,l3,22
i02,e04,c1,p04,l3,59
i34,e03,c5,p15,l3,85
i05,e12,c1,p24,l3,22
i05,e08,c1,p05,l3,11
i06,e12,c3,p05,l3,10
i03,e01,c5,p16,l3,12
i39,e04,c5,p12,l3,32
i02,e09,c1,p09,l3,11
i38,e04,c7,p10,l1,9
i41,e04,c1,p10,l3,5
i12,e04,c5,p35,l3,4
i38,e04,c1,p11,l1,61
i13,e08,c5,p19,l3,28
i49,e08,c1,p01,l3,3
i38,e07,c1,p17,l2,1
i03,e11,c5,p10,l3,36
i21,e03,c1,p24,l3,1
i34,e09,c5,p15,l3,11
i41,e09,c1,p13,l3,8
i13,e10,c5,p06,l3,1
i13,e12,c5,p06,l3,7
i48,e11,c1,p24,l3,3
i22,e05,c5,p03,l3,4
i02,e11,c1,p32,l3,4
i41,e04,c1,p02,l3,2
i34,e01,c5,p01,l3,7
i06,e10,c3,p18,l4,5
i67,e09,c5,p10,l3,1
i46,e09,c1,p15,l3,5
i16,e09,c5,p18,l3,1
i06,e02,c5,p10,l1,1
i38,e04,c4,p18,l1,1
i19,e01,c5,p35,l3,1
i42,e02,c5,p12,l3,1
i01,e01,c1,p04,l3,2
i14,e09,c5,p03,l3,2
i43,e04,c1,p11,l3,2
i48,e11,c1,p19,l3,1
i61,e05,c1,p35,l3,2
i42,e05,c5,p01,l3,1
i90,e03,c1,p10,l3,1
i42,e05,c5,p24,l3,1
i02,e08,c1,p19,l3,3167
i06,e10,c5,p09,l3,10562
i06,e12,c5,p04,l3,317
i17,e09,c5,p13,l3,21
i17,e04,c5,p09,l3,36
i06,e12,c5,p01,l3,532
i06,e09,c5,p29,l2,55
i09,e01,c5,p10,l3,2
i06,e08,c5,p26,l2,16
i12,e04,c5,p03,l3,11
i39,e04,c5,p10,l3,97
i02,e08,c1,p14,l3,172
i39,e04,c5,p32,l3,65
i38,e11,c1,p24,l2,66
i38,e09,c1,p19,l2,203
i46,e08,c1,p07,l3,14
i05,e01,c1,p10,l3,86
i38,e04,c1,p05,l1,32
i38,e10,c4,p02,l3,72
i05,e06,c1,p08,l3,1
i38,e10,c4,p13,l3,154
i06,e10,c5,p03,l2,51
i02,e04,c1,p18,l3,27
i43,e09,c1,p01,l3,14
i06,e01,c5,p22,l3,62
i05,e04,c1,p35,l3,16
i34,e04,c5,p28,l3,21
i06,e12,c5,p25,l3,26
i38,e08,c7,p32,l2,8
i38,e08,c1,p08,l2,11
i06,e07,c5,p24,l2,2
i14,e08,c5,p24,l3,16
i12,e08,c5,p35,l3,2
i13,e11,c5,p06,l3,14
i05,e12,c1,p07,l3,3
i17,e01,c5,p28,l3,2
i38,e10,c1,unknown,l4,7
i48,e11,c1,p35,l3,10
i05,e07,c1,p35,l3,14
i05,e12,c1,p20,l3,2
i27,e01,c5,p12,l3,6
i06,e10,c3,p01,l4,5
i41,e04,c1,p06,l3,3
i16,e08,c5,p18,l3,7
i39,e09,c5,p03,l3,14
i23,e01,c5,p03,l3,5
i27,e09,c5,p24,l3,3
i41,e04,c1,p23,l3,1
i05,e03,c1,p19,l3,4
i43,e04,c1,p03,l3,3
i41,e08,c1,p21,l3,5
i38,e09,c1,unknown,l2,2
i43,e09,c1,p06,l3,1
i41,e04,c1,p29,l3,1
i27,e04,c5,p29,l3,1
i14,e04,c5,p29,l3,3
i48,e11,c1,p16,l3,2
i23,e08,c5,p03,l3,3
i09,e09,c5,p16,l3,1
i16,e08,c5,p25,l3,1
i30,e01,c1,p14,l3,5
i74,e04,c5,p19,l3,1
i06,e10,c3,p14,l4,4
i67,e04,c5,p21,l3,1
i23,e04,c5,p17,l3,2
i14,e05,c5,p19,l3,1
i06,e07,c5,p02,l2,2
i06,e07,c5,p09,l2,2
i39,e09,c5,p23,l3,1
i46,e09,c1,p30,l3,2
i02,e06,c1,p35,l3,1
i46,e11,c1,p08,l3,1
i43,e08,c1,p23,l3,1
i06,e12,c3,p24,l3,1
i42,e02,c5,p11,l3,1
i06,e10,c5,p07,l3,22912
i34,e03,c5,p03,l3,72
i06,e12,c5,p24,l3,185
i47,e09,c1,p35,l3,349
i13,e08,c5,p10,l3,29
i17,e04,c5,p31,l3,22
i46,e08,c4,p35,l3,178
i06,e10,c5,p15,l3,40177
i06,e04,c5,p03,l1,117
i02,e04,c1,p16,l3,145
i02,e08,c1,p23,l3,83
i14,e08,c5,p20,l3,8
i06,e04,c5,p09,l1,64
i34,e01,c5,p13,l3,5
i38,e08,c1,p17,l2,110
i02,e01,c1,p13,l3,121
i06,e10,c3,p21,l3,138
i06,e10,c3,p18,l3,5
i02,e01,c1,p35,l3,148
i06,e10,c5,p16,l2,117
i38,e01,c1,p18,l3,12
i01,e01,c1,p01,l3,6
i02,e09,c1,p25,l3,8
i06,e10,c5,p25,l1,21
i06,e01,c5,p03,l3,80
i25,e10,c5,p10,l4,5
i43,e09,c1,p05,l3,2
i34,e09,c5,p05,l3,16
i41,e04,c1,p03,l3,6
i38,e10,c1,p31,l1,2
i02,e04,c1,p08,l3,23
i46,e08,c1,p24,l3,67
i38,e06,c4,p13,l3,17
i16,e04,c5,p17,l3,6
i38,e08,c1,unknown,l2,1
i38,e10,c1,p32,l2,11
i17,e09,c5,p06,l3,6
i14,e13,c5,p01,l3,2
i19,e10,c5,p10,l2,3
i30,e09,c1,p06,l3,1
i41,e01,c1,p07,l3,3
i39,e01,c5,p24,l3,4
i34,e01,c5,p16,l3,6
i17,e09,c5,p12,l3,8
i16,e01,c5,p01,l3,4
i23,e04,c5,p35,l3,4
i01,e08,c1,p01,l3,12
i02,e09,c1,p28,l3,13
i30,e09,c1,p29,l3,6
i16,e08,c5,p05,l3,12
i13,e12,c5,p11,l3,1
i06,e10,c3,p08,l4,5
i38,e11,c4,p18,l2,1
i05,e12,c1,p01,l3,5
i06,e07,c5,p14,l2,1
i14,e05,c3,p07,l3,1
i39,e01,c5,p12,l3,3
i14,e08,c5,p23,l3,6
i46,e04,c1,p13,l3,2
i01,e04,c1,p28,l3,1
i06,e04,c5,p31,l1,3
i14,e12,c5,p08,l3,1
i12,e01,c5,p01,l3,1
i30,e09,c1,p17,l3,1
i05,e11,c1,p10,l3,1
i25,e10,c5,p21,l4,3
i14,e11,c5,p32,l3,2
i03,e01,c5,p15,l3,1
i23,e09,c5,p18,l3,2
i09,e04,c5,p32,l3,1
i16,e01,c5,p28,l3,1
i23,e09,c5,p01,l3,1
