i01,e04,c1,p10,l3,25
i06,e10,c5,p29,l3,22910
i38,e11,c1,p10,l2,1639
i38,e10,c1,p17,l4,2189
i06,e12,c5,p18,l3,279
i38,e10,c1,p29,l1,5
i12,e08,c5,p19,l3,60
i38,e10,c1,p25,l3,1732
i05,e04,c1,p07,l3,14
i38,e01,c1,p24,l3,46
i38,e10,c1,p16,l4,1328
i38,e10,c1,p11,l4,2903
i38,e10,c1,p13,l2,426
i06,e08,c5,p25,l2,579
i06,e01,c5,p10,l3,384
i38,e10,c4,p13,l3,135
i06,e11,c5,p11,l2,507
i17,e04,c5,p21,l3,52
i38,e06,c1,p12,l3,540
i02,e09,c1,p12,l3,63
i06,e09,c5,p04,l2,63
i32,e08,c5,p35,l3,190
i17,e04,c5,p12,l3,101
i02,e04,c1,p14,l3,77
i34,e08,c5,p11,l3,22
i38,e06,c1,p28,l3,186
i23,e08,c5,p03,l3,82
i38,e08,c7,p10,l2,9
i14,e04,c5,p02,l3,18
i38,e10,c1,p02,l2,24
i23,e04,c5,p16,l3,5
i02,e04,c1,p29,l3,64
i29,e09,c5,p35,l3,13
i12,e08,c5,p01,l3,10
i14,e08,c5,p13,l3,3
i14,e09,c5,p02,l3,2
i06,e10,c3,p22,l3,34
i43,e08,c1,p07,l3,38
i05,e01,c1,p09,l3,5
i43,e04,c1,p13,l3,3
i16,e09,c5,p19,l3,17
i05,e12,c1,p17,l3,8
i01,e04,c1,p12,l3,2
i38,e10,c1,p32,l1,4
i05,e06,c1,p18,l3,6
i41,e01,c1,p17,l3,8
i32,e11,c5,p35,l3,47
i05,e04,c1,p24,l3,13
i23,e10,c5,p12,l3,14
i41,e09,c1,p35,l3,21
i43,e08,c1,p21,l3,12
i05,e01,c1,p19,l3,15
i39,e09,c5,p24,l3,3
i06,e09,c5,p30,l2,3
i46,e08,c1,p01,l3,3
i32,e08,c3,p02,l3,7
i06,e10,c3,p23,l4,16
i16,e01,c5,p12,l3,4
i44,e04,c3,p35,l3,7
i02,e01,c1,p25,l3,15
i38,e11,c4,p12,l2,4
i16,e09,c5,p01,l3,6
i06,e05,c5,p06,l1,3
i34,e09,c5,p24,l3,8
i01,e09,c1,p22,l3,2
i16,e01,c5,p05,l3,1
i29,e04,c5,p10,l3,1
i10,e05,c3,p03,l3,1
i05,e03,c1,p15,l3,1
unknown,e04,c5,p10,l3,1
i03,e04,c5,p13,l3,7
i07,e08,c5,p01,l3,3
i14,e08,c3,p05,l3,1
i17,e09,c5,p20,l3,1
i01,e08,c1,p32,l3,1
i29,e04,c5,p15,l3,1
i06,e08,c5,p13,l2,1664
i38,e10,c1,p12,l4,2087
i06,e12,c5,p12,l3,237
i47,e01,c1,p35,l3,206
i06,e04,c5,p06,l1,186
i38,e01,c1,p05,l3,76
i19,e11,c3,p10,l3,22
i06,e10,c5,p12,l3,39721
i06,e04,c5,p14,l1,78
i14,e04,c5,p03,l3,18
i23,e03,c5,p02,l3,3
i17,e08,c5,p21,l3,39
i06,e10,c5,p11,l4,4266
i06,e11,c5,p31,l2,87
i06,e01,c5,p16,l3,120
i46,e11,c4,p35,l3,1211
i34,e04,c5,p21,l3,13
i21,e03,c1,p29,l3,2
i38,e01,c1,p21,l3,61
i34,e03,c5,p12,l3,71
i38,e01,c1,p09,l3,39
i02,e09,c1,p02,l3,42
i06,e04,c5,p03,l1,160
i06,e01,c5,p31,l3,7
i02,e08,c1,p08,l3,118
i06,e11,c5,p20,l2,67
i16,e08,c5,p18,l3,23
i17,e04,c5,p02,l3,11
i34,e01,c5,p14,l3,7
i12,e09,c5,p19,l3,4
i13,e11,c5,p19,l3,8
i07,e09,c5,p16,l3,6
i43,e04,c1,p07,l3,53
i06,e10,c5,p17,l2,71
i06,e11,c5,p26,l2,14
i34,e08,c5,p20,l3,14
i41,e01,c1,p35,l3,21
i06,e10,c3,p19,l4,19
i38,e07,c1,p19,l2,16
i39,e01,c5,p32,l3,7
i18,e12,c1,p35,l3,3
i23,e01,c5,p07,l3,2
i44,e04,c5,p10,l3,2
i34,e03,c5,p26,l3,6
i26,e04,c1,p35,l3,6
i06,e10,c3,p19,l2,2
i16,e09,c5,p21,l3,9
i16,e09,c5,p07,l3,5
i06,e05,c5,p20,l1,1
i38,e11,c4,p16,l2,3
i66,e09,c3,p19,l3,1
i38,e09,c1,p35,l2,1
i38,e05,c1,p19,l1,1
i38,e08,c1,p20,l2,10
i41,e12,c1,p19,l3,9
i27,e08,c5,p24,l3,1
i32,e08,c5,p07,l3,3
i21,e01,c4,p29,l3,2
i05,e06,c1,p20,l3,1
i05,e06,c1,p06,l3,2
i02,e04,c1,p23,l3,2
i38,e04,c1,p34,l1,1
i14,e04,c5,p10,l3,2
i23,e03,c5,p18,l3,3
i06,e12,c3,p28,l3,2
i30,e01,c1,p20,l3,1
i41,e09,c1,p26,l3,2
i07,e12,c5,p05,l3,1
i39,e09,c5,p28,l3,1
i06,e10,c5,p15,l3,59581
i38,e10,c1,p05,l4,2437
i38,e10,c1,p28,l3,2497
i17,e08,c5,p08,l3,30
i06,e10,c5,p26,l3,2663
i02,e01,c1,p04,l3,186
i02,e09,c1,p03,l3,191
i06,e10,c5,p30,l4,146
i06,e10,c5,p35,l1,34
i38,e04,c1,p13,l1,241
i07,e08,c5,p07,l3,11
i34,e08,c5,p03,l3,76
i34,e04,c5,p16,l3,16
i06,e01,c5,p24,l3,124
i38,e11,c1,p09,l2,84
i06,e10,c5,p12,l1,65
i39,e01,c5,p04,l3,27
i05,e09,c1,p01,l3,9
i12,e04,c5,p10,l3,15
i13,e08,c5,p25,l3,24
i38,e09,c1,p11,l2,62
i41,e04,c1,p22,l3,1
i63,e04,c1,p10,l3,91
i06,e11,c3,p23,l2,1
i41,e04,c1,p29,l3,8
i34,e08,c5,p02,l3,29
i02,e09,c1,p08,l3,21
i17,e11,c5,p09,l3,31
i38,e01,c1,p23,l3,20
i06,e10,c5,p02,l2,37
i67,e10,c5,p10,l3,5
i06,e10,c3,p31,l3,21
i30,e09,c1,p07,l3,7
i06,e10,c3,p04,l3,26
i06,e10,c3,p13,l4,4
i38,e09,c1,p23,l2,15
i17,e01,c5,p08,l3,4
i01,e04,c1,p15,l3,1
i06,e02,c5,p12,l1,3
i43,e12,c1,p21,l3,7
i30,e01,c1,p13,l3,8
i38,e10,c1,p28,l1,5
i38,e10,c4,unknown,l4,8
i46,e06,c1,p35,l3,9
i03,e09,c5,p01,l3,1
i17,e04,c5,p23,l3,10
i43,e08,c1,p16,l3,1
i02,e11,c1,p11,l3,1
i14,e05,c5,p17,l3,1
i46,e11,c1,p17,l3,1
i27,e04,c5,p06,l3,4
i13,e11,c5,p03,l3,3
i24,e08,c1,p35,l3,1
i07,e12,c5,p18,l3,1
i32,e09,c5,p19,l3,2
i01,e11,c1,p18,l3,2
i05,e01,c1,p31,l3,1
i22,e05,c5,p17,l3,1
i13,e04,c5,p15,l3,1
i13,e03,c5,p25,l3,2
i20,e04,c5,p35,l3,1
i48,e04,c1,p35,l3,2
i05,e04,c1,p17,l3,1
i30,e09,c1,p32,l3,1
i38,e11,c1,p23,l2,51
i38,e11,c1,p05,l2,247
i38,e08,c1,p17,l2,194
i01,e08,c1,p15,l3,15
i06,e11,c5,p05,l2,790
i12,e04,c5,p19,l3,37
i02,e04,c1,p21,l3,265
i02,e09,c1,p32,l3,4
i13,e04,c5,p17,l3,17
i38,e06,c1,p07,l3,1105
i38,e06,c1,p16,l3,464
i06,e10,c3,p07,l3,18
i06,e10,c5,p32,l4,939
i14,e08,c5,p16,l3,14
i13,e08,c5,p09,l3,20
i02,e04,c1,p08,l3,57
i46,e11,c1,p26,l3,20
i06,e10,c5,p01,l2,100
i05,e12,c1,p29,l3,21
i09,e04,c5,p16,l3,4
i34,e08,c5,p14,l3,10
i17,e08,c5,p14,l3,24
i13,e08,c5,p21,l3,3
i17,e09,c5,p06,l3,20
i02,e01,c1,p02,l3,87
i41,e08,c1,p10,l3,20
i06,e10,c5,p23,l2,40
i38,e04,c1,p06,l1,17
i38,e01,c1,p32,l3,10
i03,e01,c5,p06,l3,1
i17,e09,c5,p15,l3,14
i02,e09,c1,p05,l3,36
i34,e01,c3,p15,l3,5
i43,e09,c1,p23,l3,10
i06,e10,c3,p11,l4,6
i39,e04,c5,p24,l3,5
i05,e08,c1,p24,l3,10
i21,e12,c1,p01,l3,1
i21,e03,c1,p10,l3,11
i13,e11,c5,p08,l3,7
i05,e12,c1,p32,l3,5
i34,e01,c5,p06,l3,14
i88,e08,c1,p35,l3,4
i41,e09,c1,p24,l3,4
i32,e04,c5,p17,l3,2
i21,e12,c1,p13,l3,1
i06,e10,c3,p04,l4,4
i06,e07,c5,p28,l2,1
i13,e09,c5,p19,l3,2
i27,e01,c5,p01,l3,1
i30,e04,c1,p16,l3,1
i12,e04,c5,p23,l3,1
i06,e01,c5,p33,l3,14
i13,e11,c5,p15,l3,3
i41,e04,c1,p10,l3,5
i41,e01,c1,p07,l3,3
unknown,e04,c3,p35,l3,1
i48,e11,c1,p02,l3,2
i05,e05,c1,p35,l3,1
i27,e04,c5,p10,l3,3
i01,e05,c1,p10,l3,1
i14,e01,c3,p18,l3,2
i38,e06,c4,p16,l3,1
i14,e01,c5,p01,l3,2
i12,e08,c5,p09,l3,1
i06,e11,c3,p15,l2,1
i17,e01,c3,p03,l3,1
i46,e09,c1,p01,l3,1
i05,e06,c1,p25,l3,1
i14,e08,c5,p26,l3,1
i38,e10,c4,p07,l2,1
i06,e08,c5,p19,l2,8086
i15,e04,c2,p35,l3,2378
i38,e10,c1,p19,l3,35451
i06,e01,c5,p14,l3,26
i38,e10,c1,p07,l4,2934
i34,e01,c5,p05,l3,6
i17,e08,c5,p10,l3,192
i38,e01,c1,p04,l3,125
i14,e04,c5,p15,l3,23
i38,e06,c1,p11,l3,1180
i06,e11,c5,p28,l2,109
i06,e01,c5,p22,l3,93
i39,e01,c5,p03,l3,6
i06,e01,c5,p29,l3,68
i12,e08,c5,p14,l3,3
i06,e10,c3,p18,l4,6
i41,e08,c1,p19,l3,206
i06,e01,c5,p17,l3,84
i06,e01,c5,p32,l3,57
i02,e01,c1,p05,l3,37
i30,e01,c1,p17,l3,1
i46,e11,c1,p13,l3,69
i34,e08,c5,p01,l3,78
i06,e01,c5,p03,l3,119
i06,e08,c3,p17,l2,5
i02,e04,c1,p09,l3,46
i02,e04,c1,p18,l3,36
i02,e04,c1,p05,l3,69
i06,e07,c5,p01,l2,2
i06,e01,c5,p04,l3,52
i48,e08,c1,p15,l3,1
i38,e09,c1,p01,l2,117
i12,e09,c5,p01,l3,2
i05,e12,c4,p03,l3,2
i49,e03,c1,p01,l3,5
i05,e08,c1,p32,l3,5
i34,e09,c5,p16,l3,10
i38,e10,c1,p11,l1,25
i23,e09,c5,p19,l3,8
i38,e09,c1,p04,l2,56
i41,e09,c1,p10,l3,10
i38,e09,c1,p02,l2,40
i05,e01,c1,p24,l3,7
i14,e01,c5,p03,l3,6
i17,e11,c5,p02,l3,47
i43,e04,c1,p01,l3,34
i38,e10,c4,p23,l3,8
i38,e10,c4,p06,l3,14
i05,e09,c1,p26,l3,1
i30,e01,c1,p19,l3,11
i39,e04,c5,p06,l3,5
i13,e09,c5,p10,l3,3
i05,e03,c1,p24,l3,3
i27,e04,c5,p05,l3,1
i34,e09,c5,p25,l3,5
i38,e11,c4,p17,l2,2
i06,e08,c3,p11,l2,2
i16,e01,c5,p03,l3,4
i41,e07,c1,p01,l3,2
i07,e08,c5,p29,l3,1
i23,e08,c5,p07,l3,3
i38,e11,c4,p23,l2,2
i34,e08,c5,p08,l3,5
i39,e09,c5,p21,l3,13
i43,e03,c1,p10,l3,2
i14,e12,c5,p15,l3,5
i05,e04,c1,p18,l3,4
i66,e04,c3,p10,l3,2
i46,e01,c1,p11,l3,2
i38,e10,c7,p32,l4,1
i05,e09,c1,p18,l3,2
i02,e11,c1,p09,l3,1
i41,e08,c1,p06,l3,1
i41,e07,c1,p22,l3,1
i43,e01,c1,p24,l3,2
i14,e04,c5,p12,l3,1
i46,e08,c1,p17,l3,1
i06,e04,c5,p10,l1,693
i02,e08,c1,p10,l3,1839
i38,e10,c1,p16,l3,8541
i38,e10,c1,p35,l3,638
i38,e08,c1,p35,l2,75
i17,e04,c5,p11,l3,53
i17,e08,c5,p19,l3,125
i34,e03,c5,p10,l3,358
i06,e10,c5,p26,l4,336
i38,e01,c1,p03,l3,67
i14,e08,c5,p09,l3,57
i06,e10,c5,p14,l4,1883
i02,e08,c1,p11,l3,2417
i06,e10,c5,p28,l4,1380
i06,e01,c5,p01,l3,114
i38,e11,c1,p24,l2,193
i02,e04,c1,p04,l3,124
i38,e09,c1,p24,l2,40
i17,e11,c5,p17,l3,39
i05,e08,c1,p01,l3,44
i02,e08,c1,p15,l3,341
i06,e05,c5,p02,l1,1
i06,e01,c5,p05,l3,177
i19,e03,c5,p35,l3,2
i46,e08,c1,p19,l3,96
i16,e08,c5,p01,l3,25
i17,e04,c5,p20,l3,21
i23,e04,c5,p10,l3,30
i38,e10,c4,p05,l3,326
i06,e07,c5,p15,l2,6
i05,e03,c1,p35,l3,20
i38,e01,c1,p28,l3,13
i38,e10,c4,unknown,l3,23
i05,e09,c1,p21,l3,15
i06,e10,c5,p15,l1,86
i42,e05,c3,p07,l3,7
i02,e01,c1,p24,l3,41
i49,e08,c1,p33,l3,2
i72,e08,c1,p10,l3,7
i43,e09,c1,p15,l3,14
i13,e08,c5,p08,l3,6
i23,e09,c5,p21,l3,2
i38,e11,c4,p01,l2,6
i12,e01,c5,p13,l3,2
i42,e05,c5,p29,l3,10
i27,e09,c5,p06,l3,2
i06,e04,c5,p25,l1,23
i23,e09,c5,p29,l3,1
i06,e04,c5,p26,l1,5
i38,e01,c1,p25,l3,8
i46,e08,c1,p15,l3,3
i41,e04,c1,p21,l3,12
i38,e10,c1,p34,l4,6
i27,e10,c5,p17,l3,2
i43,e04,c1,p20,l3,2
i39,e04,c5,p20,l3,1
i41,e01,c1,p16,l3,2
i48,e11,c1,p01,l3,1
i38,e11,c1,p34,l2,1
i05,e01,c1,p18,l3,4
i13,e03,c5,p02,l3,3
i83,e09,c3,p35,l3,4
i27,e04,c5,p03,l3,1
i05,e06,c1,p04,l3,4
i02,e08,c1,p31,l3,2
i14,e05,c5,p29,l3,1
i19,e10,c5,p10,l1,1
i42,e02,c5,p10,l3,1
i17,e08,c5,p04,l3,27
i06,e04,c5,p24,l1,291
i38,e11,c1,p04,l2,147
i38,e08,c1,p09,l2,203
i01,e08,c1,p10,l3,268
i02,e09,c1,p35,l3,128
i02,e04,c1,p12,l3,66
i02,e09,c1,p13,l3,116
i38,e10,c4,p23,l4,25
i38,e11,c1,p02,l2,169
i39,e09,c5,p07,l3,11
i02,e08,c1,p24,l3,154
i27,e04,c5,p04,l3,1
i34,e01,c5,p33,l3,1
i17,e08,c5,p29,l3,67
i17,e08,c5,p11,l3,38
i38,e10,c1,p25,l2,21
i12,e09,c5,p13,l3,4
i100,e04,c5,p10,l3,1
i01,e08,c1,p07,l3,7
i39,e01,c3,p35,l3,2
i16,e01,c5,p01,l3,3
i12,e04,c5,p18,l3,4
i06,e10,c3,p11,l3,56
i17,e09,c5,p13,l3,16
i34,e03,c5,p20,l3,16
i38,e04,c1,p23,l1,4
i06,e05,c5,p03,l1,2
i17,e09,c5,p17,l3,12
i06,e07,c5,p03,l2,3
i06,e02,c5,p05,l1,2
i13,e01,c5,p10,l3,5
i16,e04,c5,p29,l3,11
i23,e09,c5,p12,l3,3
i16,e09,c5,p16,l3,3
i03,e10,c5,p12,l3,4
i30,e09,c1,p20,l3,3
i12,e04,c5,p12,l3,2
i13,e08,c5,p15,l3,6
i41,e04,c1,p15,l3,1
i42,e05,c5,p11,l3,2
i38,e08,c4,p05,l2,6
i02,e09,c1,p28,l3,6
i05,e09,c1,p02,l3,2
i46,e04,c1,p10,l3,6
i30,e01,c1,p24,l3,3
i38,e08,c4,p07,l2,12
i29,e04,c5,p13,l3,4
i16,e01,c5,p02,l3,2
i16,e04,c5,p17,l3,2
i14,e11,c5,p07,l3,1
i14,e04,c5,p14,l3,2
i39,e01,c5,p14,l3,4
i16,e04,c5,p14,l3,2
i38,e10,c7,p14,l4,3
i07,e12,c5,p21,l3,1
i14,e11,c5,p08,l3,2
i23,e01,c5,p11,l3,1
i38,e12,c1,p29,l3,2
i01,e09,c1,p11,l3,1
i06,e02,c5,p31,l1,1
i38,e09,c7,p10,l2,1
i17,e09,c3,p03,l3,1
i21,e01,c1,p05,l3,2
i14,e09,c5,p08,l3,1
i06,e02,c5,p07,l1,1
i06,e12,c5,p16,l3,386
i38,e04,c1,p09,l1,42
i38,e10,c1,p05,l3,13469
i06,e10,c5,p13,l3,33932
i38,e10,c1,p06,l3,5356
i38,e11,c1,p18,l2,169
i38,e09,c1,p10,l2,416
i31,e11,c1,p35,l3,170
i16,e01,c5,p21,l3,22
i06,e09,c5,p07,l2,84
i06,e10,c5,p08,l4,1211
i07,e12,c5,p35,l3,108
i05,e12,c1,p35,l3,124
i34,e01,c5,p03,l3,13
i06,e10,c5,p19,l2,250
i06,e10,c3,p23,l3,33
i63,e10,c1,p10,l2,57
i14,e09,c5,p01,l3,4
i38,e06,c1,p14,l3,243
i16,e08,c5,p07,l3,45
i39,e01,c5,p18,l3,4
i06,e10,c3,p07,l4,7
i13,e08,c5,p02,l3,71
i05,e08,c1,p20,l3,5
i06,e01,c5,p28,l3,47
i19,e03,c5,p10,l3,31
i29,e04,c5,p35,l3,18
i16,e09,c5,p05,l3,7
i31,e04,c1,p35,l3,27
i43,e04,c1,p04,l3,3
i42,e05,c3,p21,l3,20
i63,e11,c1,p10,l3,20
i03,e01,c5,p16,l3,7
i38,e09,c1,p06,l2,59
i23,e04,c5,p19,l3,15
i59,e09,c5,p12,l3,7
i38,e11,c4,p21,l2,4
i17,e08,c5,p28,l3,6
i43,e08,c1,p19,l3,10
i32,e11,c5,p29,l3,28
i61,e08,c4,p35,l3,13
i43,e08,c1,p01,l3,19
i01,e04,c1,p11,l3,2
i05,e07,c1,p01,l3,1
i38,e10,c7,p14,l3,3
i05,e06,c1,p16,l3,6
i21,e03,c1,p01,l3,3
i01,e01,c1,p19,l3,2
i27,e01,c5,p06,l3,2
i16,e08,c5,p25,l3,5
i21,e03,c1,p07,l3,1
i17,e01,c5,p26,l3,1
i13,e03,c5,p19,l3,1
i46,e04,c1,p01,l3,1
i45,e09,c1,p35,l3,5
i06,e10,c5,p08,l1,11
i27,e04,c5,p13,l3,2
i23,e12,c5,p10,l3,5
i27,e04,c5,p23,l3,4
i39,e04,c5,p02,l3,10
i41,e01,c1,p09,l3,1
i17,e08,c5,p31,l3,1
i72,e09,c1,p10,l3,1
i38,e01,c7,p10,l3,1
i30,e01,c1,p05,l3,1
i38,e08,c4,p16,l2,1
i05,e12,c1,p25,l3,4
i03,e04,c5,p05,l3,2
i34,e01,c5,p08,l3,3
i34,e09,c5,p13,l3,2
i38,e11,c4,p04,l2,2
i19,e05,c5,p10,l3,2
i06,e05,c5,p29,l1,1
i01,e09,c1,p07,l3,1
unknown,e03,c5,p10,l3,2
i01,e09,c1,p12,l3,1
i43,e07,c1,p35,l3,1
i05,e04,c1,p02,l3,2
i29,e04,c5,p05,l3,1
i38,e10,c1,p29,l4,946
i06,e08,c5,p20,l2,796
i06,e12,c5,p31,l3,48
i17,e08,c5,p16,l3,67
i48,e11,c1,p35,l3,19
i06,e08,c5,p30,l2,38
i17,e08,c5,p03,l3,81
i06,e10,c5,p06,l4,2380
i02,e01,c1,p18,l3,58
i46,e08,c1,p02,l3,28
i06,e07,c5,p10,l2,5
i05,e01,c1,p12,l3,13
i13,e08,c5,p35,l3,13
i38,e06,c1,p06,l3,308
i54,e04,c1,p35,l3,2
i34,e03,c5,p19,l3,258
i01,e08,c1,p19,l3,19
i43,e04,c1,p10,l3,33
i39,e01,c5,p10,l3,25
i38,e10,c1,p04,l2,47
i01,e08,c1,p11,l3,10
i49,e10,c1,p01,l3,72
i32,e04,c5,p10,l3,10
i05,e01,c1,p29,l3,5
i46,e01,c4,p35,l3,6
i27,e08,c5,p13,l3,36
i38,e10,c4,p32,l4,21
i06,e10,c5,p05,l2,28
i06,e09,c5,p25,l2,16
i12,e01,c5,p03,l3,1
i06,e10,c5,p16,l2,79
i07,e12,c5,p10,l3,9
i23,e04,c5,p09,l3,13
i27,e01,c5,p17,l3,1
i17,e09,c5,p14,l3,17
i06,e08,c3,p04,l2,12
i43,e09,c1,p24,l3,5
i23,e03,c5,p21,l3,29
i06,e10,c3,p09,l4,14
i16,e04,c5,p06,l3,4
i14,e05,c5,p18,l3,1
i03,e11,c5,p10,l3,1
i38,e10,c4,p29,l4,9
i43,e01,c1,p07,l3,10
i06,e10,c3,p10,l4,6
i27,e01,c5,p04,l3,1
i21,e12,c1,p08,l3,3
i23,e09,c5,p28,l3,4
i34,e04,c5,p11,l3,14
i34,e01,c5,p01,l3,12
i25,e08,c5,p24,l3,2
i41,e12,c1,p35,l3,1
i34,e09,c5,p03,l3,10
i23,e09,c5,p01,l3,4
i13,e11,c5,p23,l3,1
i25,e10,c5,p12,l4,12
i07,e04,c5,p18,l3,1
i30,e01,c1,p11,l3,6
i06,e05,c5,p21,l1,2
i05,e06,c1,p03,l3,6
i21,e12,c1,p22,l3,2
i46,e09,c1,p19,l3,9
i48,e11,c1,p03,l3,2
i14,e11,c5,p15,l3,2
i13,e08,c5,p11,l3,4
i12,e01,c5,p22,l3,1
i05,e05,c1,p10,l3,1
i05,e04,c1,p06,l3,1
i41,e04,c1,p09,l3,2
i39,e09,c5,p22,l3,3
i34,e04,c5,p30,l3,1
i06,e11,c3,p05,l2,2
i66,e04,c3,p13,l3,1
i33,e10,c1,p18,l3,1
i43,e01,c1,p19,l3,1
i43,e01,c1,p20,l3,1
i06,e12,c5,p22,l3,178
i06,e10,c5,p07,l3,34538
i06,e08,c5,p02,l2,995
i13,e08,c5,p10,l3,34
i06,e10,c5,p24,l3,32881
i38,e08,c1,p29,l2,63
i13,e01,c5,p06,l3,15
i38,e10,c1,p28,l4,387
i39,e04,c5,p18,l3,9
i38,e04,c1,p19,l1,229
i02,e08,c1,p35,l3,341
i12,e08,c5,p10,l3,17
i80,e09,c3,p35,l3,1
i13,e09,c5,p17,l3,1
i02,e09,c1,p21,l3,153
i38,e11,c1,p29,l2,84
i38,e06,c1,p24,l3,489
i17,e11,c5,p21,l3,163
i06,e09,c5,p18,l2,71
i34,e04,c5,p03,l3,16
i23,e04,c5,p29,l3,16
i06,e10,c3,p08,l4,26
i05,e06,c1,p02,l3,2
i38,e08,c4,p22,l2,2
i46,e01,c1,p35,l3,62
i17,e01,c5,p06,l3,15
i12,e04,c5,p11,l3,12
i38,e08,c4,p10,l2,62
i01,e08,c1,p21,l3,44
i12,e04,c5,p05,l3,2
i43,e07,c1,p10,l3,8
i12,e09,c5,p12,l3,3
i17,e04,c5,p17,l3,33
i23,e03,c5,p01,l3,12
i38,e11,c1,p32,l2,34
i42,e05,c3,p16,l3,19
i17,e11,c5,p14,l3,39
i23,e03,c5,p10,l3,5
i18,e09,c1,p35,l3,21
i46,e04,c1,p35,l3,59
i41,e08,c1,p17,l3,28
i16,e04,c5,p19,l3,25
i16,e08,c5,p17,l3,89
i16,e09,c5,p24,l3,11
i07,e12,c5,p12,l3,12
i43,e09,c1,p11,l3,2
i41,e09,c1,p14,l3,7
i05,e09,c1,p35,l3,31
i05,e12,c1,p26,l3,3
i06,e05,c5,p05,l1,2
i25,e03,c5,p04,l3,1
i14,e08,c5,p28,l3,2
i06,e09,c5,p20,l2,12
i16,e08,c5,p23,l3,1
i06,e01,c5,p30,l3,6
i46,e01,c1,p01,l3,2
i41,e01,c1,p10,l3,7
i06,e05,c5,p18,l1,2
i38,e10,c4,unknown,l1,3
i16,e08,c5,p13,l3,6
i05,e01,c1,p16,l3,6
i30,e09,c1,p24,l3,2
i13,e04,c5,p35,l3,6
i05,e09,c1,p15,l3,6
i02,e01,c4,p15,l3,5
i38,e08,c1,p26,l2,1
i23,e09,c5,p15,l3,2
i06,e05,c5,p15,l1,3
i38,e12,c1,p24,l3,1
i38,e10,c1,p20,l2,1
i34,e01,c5,p15,l3,6
i13,e11,c5,p07,l3,4
i01,e04,c1,p29,l3,2
i16,e01,c5,p32,l3,2
i38,e12,c1,p13,l3,3
i05,e07,c1,p11,l3,1
unknown,e05,c5,p01,l3,1
i32,e01,c3,p35,l3,2
i16,e09,c5,p22,l3,1
i14,e11,c5,p24,l3,1
i68,e04,c1,p10,l3,1
i14,e01,c5,p04,l3,1
i41,e07,c1,p06,l3,2
i17,e01,c5,p04,l3,14
i02,e08,c1,p19,l3,3352
i06,e10,c5,p20,l3,5578
i06,e10,c5,p09,l4,1240
i38,e06,c1,p01,l3,1135
i38,e10,c1,p13,l4,2400
i02,e01,c1,p07,l3,73
i15,e01,c6,p35,l3,99
i17,e01,c5,p18,l3,19
i23,e08,c5,p29,l3,18
i06,e10,c5,p22,l4,1553
i38,e01,c1,p18,l3,45
i13,e11,c5,p28,l3,7
i17,e04,c5,p06,l3,20
i41,e04,c1,p35,l3,16
i38,e06,c1,p32,l3,270
i16,e08,c5,p11,l3,57
i14,e08,c5,p15,l3,49
i06,e10,c5,p25,l2,13
i38,e10,c4,p32,l1,1
i02,e01,c1,p14,l3,104
i02,e04,c1,p16,l3,114
i06,e04,c5,p20,l1,24
i17,e08,c5,p23,l3,3
i30,e09,c1,p12,l3,1
i16,e08,c5,p08,l3,14
i14,e08,c5,p03,l3,20
i42,e05,c5,p28,l3,1
i17,e09,c5,p21,l3,12
i12,e08,c5,p17,l3,5
i17,e04,c5,p14,l3,19
i34,e01,c5,p13,l3,2
i39,e09,c5,p01,l3,23
i38,e10,c4,p29,l3,33
i13,e11,c5,p01,l3,29
i38,e01,c1,p11,l3,66
i05,e03,c1,p01,l3,10
i39,e01,c5,p17,l3,10
i38,e10,c1,unknown,l4,8
i42,e05,c3,p28,l3,5
i38,e08,c1,p25,l2,13
i23,e03,c5,p24,l3,8
i06,e05,c5,p28,l1,2
i14,e01,c5,p11,l3,2
i14,e01,c5,p18,l3,1
i23,e01,c5,p12,l3,1
i24,e08,c1,p06,l3,3
i17,e04,c5,p25,l3,3
i39,e09,c5,p15,l3,7
i06,e01,c3,p14,l3,1
i06,e11,c3,p11,l2,12
i02,e01,c4,p35,l3,4
i34,e03,c5,p33,l3,1
i14,e08,c3,p19,l3,1
i17,e09,c5,p05,l3,4
i38,e10,c4,p05,l2,3
i23,e09,c5,p04,l3,7
i24,e01,c1,p35,l3,2
i03,e09,c5,p19,l3,3
i03,e10,c3,p09,l3,4
i13,e11,c5,p22,l3,1
i35,e09,c2,p35,l3,3
i76,e09,c5,p35,l3,2
i23,e04,c5,p08,l3,2
i06,e04,c5,p30,l1,6
i06,e07,c5,p07,l2,6
i05,e06,c1,p29,l3,3
i01,e08,c1,p05,l3,3
i38,e11,c4,p02,l2,1
i14,e11,c5,p11,l3,1
i16,e09,c5,p25,l3,1
i16,e05,c5,p01,l3,1
i12,e09,c5,p06,l3,1
i79,e03,c1,p19,l3,1
i05,e08,c1,p29,l3,3
i34,e04,c5,p15,l3,5
i27,e09,c5,p16,l3,3
i43,e09,c1,p05,l3,1
i06,e10,c3,p14,l1,2
i12,e01,c5,p02,l3,1
i06,e10,c5,p01,l3,53383
i06,e08,c5,p29,l2,1485
i38,e10,c1,p19,l4,6254
i38,e08,c1,p32,l2,64
i38,e10,c1,p02,l4,1536
i38,e10,c4,p01,l3,398
i38,e10,c1,p14,l4,683
i38,e06,c1,p19,l3,2363
i14,e12,c5,p23,l3,19
i14,e08,c5,p35,l3,114
i43,e01,c1,p10,l3,31
i64,e04,c3,p35,l3,8
i05,e08,c1,p05,l3,13
i30,e01,c1,p04,l3,5
i38,e01,c1,p07,l3,79
i16,e08,c5,p32,l3,16
i05,e04,c1,p13,l3,12
i06,e01,c5,p12,l3,100
i41,e01,c1,p03,l3,5
i17,e11,c5,p04,l3,63
i06,e09,c5,p03,l2,85
i38,e06,c4,p03,l3,63
i05,e12,c1,p04,l3,7
i14,e12,c5,p03,l3,141
i34,e08,c5,p18,l3,19
i01,e08,c1,p20,l3,10
i39,e01,c5,p07,l3,27
i34,e08,c5,p29,l3,2
i34,e09,c5,p22,l3,3
i46,e11,c1,p12,l3,71
i17,e01,c5,p03,l3,6
i06,e05,c5,p09,l1,3
i16,e04,c5,p05,l3,7
i16,e08,c5,p15,l3,18
i38,e04,c1,p02,l1,45
i38,e11,c4,p19,l2,6
i43,e09,c1,p01,l3,19
i02,e01,c1,p06,l3,6
i32,e09,c5,p35,l3,9
i05,e03,c1,p23,l3,1
i41,e01,c1,p06,l3,4
i38,e01,c1,p08,l3,11
i02,e04,c1,p20,l3,9
i30,e04,c1,p18,l3,11
i18,e08,c1,p35,l3,9
i23,e11,c5,p35,l3,4
i42,e05,c3,p24,l3,1
i41,e01,c1,p15,l3,5
i38,e07,c1,p05,l2,4
i05,e06,c1,p13,l3,4
i14,e08,c5,p30,l3,1
i38,e04,c4,p03,l1,4
i38,e10,c1,p35,l1,3
i38,e10,c4,p11,l3,8
i16,e01,c5,p08,l3,1
i34,e01,c5,p09,l3,2
i13,e11,c5,p14,l3,8
i05,e04,c1,p04,l3,5
i43,e04,c1,p19,l3,2
i38,e10,c4,p21,l2,5
i27,e04,c5,p15,l3,1
i01,e11,c1,p13,l3,4
i38,e11,c4,p29,l2,1
i32,e11,c5,p14,l3,1
i17,e08,c5,p22,l3,2
i42,e05,c5,p23,l3,1
i07,e01,c5,p35,l3,5
i38,e01,c4,p12,l3,1
i43,e03,c1,p19,l3,3
i13,e03,c5,p01,l3,2
i16,e09,c5,p15,l3,4
i06,e02,c5,p08,l1,1
i72,e08,c1,p35,l3,1
i05,e04,c1,p32,l3,2
i23,e08,c5,p09,l3,3
i43,e05,c1,p29,l3,1
i41,e01,c1,p20,l3,2
i32,e09,c5,p18,l3,1
i16,e04,c5,p13,l3,2
i16,e09,c5,p20,l3,3
i05,e03,c1,p17,l3,1
i66,e04,c3,p15,l3,2
i14,e08,c5,p32,l3,1
i14,e08,c3,p32,l3,1
i17,e04,c5,p26,l3,1
i06,e10,c5,p11,l3,45282
i02,e08,c1,p01,l3,897
i06,e11,c5,p35,l2,2062
i06,e11,c5,p02,l2,183
i06,e10,c5,p05,l4,4890
i06,e10,c5,p20,l1,13
i06,e04,c5,p11,l1,204
i14,e08,c5,p02,l3,117
i02,e09,c1,p14,l3,89
i06,e12,c5,p17,l3,257
i06,e10,c5,p29,l1,40
i06,e11,c5,p25,l2,288
i02,e08,c1,p05,l3,617
i38,e01,c1,p10,l3,435
i02,e04,c1,p17,l3,144
i38,e10,c4,p16,l3,197
i34,e09,c5,p05,l3,4
i06,e11,c5,p06,l2,208
i23,e01,c5,p04,l3,5
i17,e04,c5,p04,l3,61
i38,e09,c1,p29,l2,15
i30,e04,c1,p24,l3,12
i12,e08,c5,p13,l3,29
i06,e12,c5,p14,l3,189
i38,e09,c1,p03,l2,67
i38,e01,c1,p02,l3,52
i17,e11,c5,p06,l3,171
i05,e04,c1,p08,l3,1
i34,e08,c3,p15,l3,5
i05,e09,c1,p13,l3,7
i06,e01,c5,p26,l3,5
i27,e08,c5,p19,l3,15
i23,e03,c5,p29,l3,8
i38,e07,c1,p01,l2,2
i06,e10,c5,p28,l1,27
i06,e10,c5,p01,l1,83
i38,e10,c4,p19,l3,274
i07,e04,c5,p10,l3,5
i38,e04,c7,p10,l1,7
i16,e04,c5,p15,l3,6
i13,e04,c5,p09,l3,4
i38,e12,c1,p19,l3,14
i17,e01,c5,p29,l3,21
i01,e08,c1,p22,l3,3
i47,e01,c4,p35,l3,2
i03,e10,c5,p05,l3,8
i07,e04,c5,p01,l3,2
i17,e01,c5,p05,l3,8
i27,e01,c5,p24,l3,6
i05,e07,c1,p32,l3,1
i05,e11,c1,p19,l3,1
i16,e01,c5,p16,l3,4
i46,e06,c1,p15,l3,1
i21,e09,c1,p10,l3,4
i13,e11,c5,p35,l3,6
i21,e12,c1,p17,l3,9
i05,e06,c1,p15,l3,4
i41,e09,c1,p12,l3,3
i30,e09,c1,p08,l3,1
i07,e12,c5,p16,l3,3
i23,e01,c5,p15,l3,1
i05,e06,c1,p09,l3,2
i41,e08,c1,p02,l3,1
i38,e11,c1,p30,l2,3
i66,e04,c3,p07,l3,2
i23,e01,c5,p17,l3,3
i32,e08,c5,p18,l3,3
i88,e09,c1,p35,l3,2
i14,e11,c5,p05,l3,1
i16,e01,c5,p14,l3,1
i14,e09,c5,p17,l3,2
i43,e09,c1,p18,l3,7
i38,e10,c7,p14,l2,4
i41,e04,c1,p06,l3,1
i38,e10,c4,p13,l1,1
i37,e12,c5,p33,l3,2
i21,e09,c1,p02,l3,1
i16,e01,c5,p23,l3,1
i03,e09,c5,p07,l3,2
i13,e12,c5,p22,l3,1
i05,e11,c1,p07,l3,1
i34,e04,c5,p13,l3,1
i06,e07,c5,p06,l2,1
i39,e04,c5,p26,l3,1
i06,e10,c5,p19,l3,109799
i38,e10,c1,p12,l3,14227
i38,e10,c1,p11,l3,16633
i38,e10,c1,p04,l3,5328
i06,e10,c3,p12,l3,408
i06,e10,c5,p29,l4,2161
i06,e01,c5,p11,l3,102
i06,e10,c5,p23,l4,1532
i38,e06,c7,p10,l3,26
i46,e04,c4,p35,l3,3
i38,e12,c1,p12,l3,265
i06,e08,c5,p03,l2,2162
i06,e10,c3,p18,l3,4
i06,e11,c5,p21,l2,884
i19,e04,c5,p35,l3,19
i30,e09,c1,p21,l3,17
i34,e08,c5,p12,l3,32
i17,e04,c5,p13,l3,63
i38,e08,c1,p14,l2,40
i06,e11,c3,p10,l2,6
i34,e03,c5,p09,l3,27
i05,e12,c1,p13,l3,16
i05,e08,c1,p21,l3,28
i17,e11,c5,p29,l3,24
i14,e08,c5,p29,l3,14
i39,e04,c5,p04,l3,51
i43,e08,c1,p15,l3,9
i27,e04,c5,p21,l3,9
i39,e01,c5,p11,l3,13
i02,e09,c1,p06,l3,30
i43,e01,c1,p01,l3,24
i06,e10,c5,p13,l2,70
i27,e10,c5,p05,l3,7
i05,e09,c1,p19,l3,10
i05,e12,c1,p12,l3,31
i06,e07,c5,p04,l2,2
i17,e01,c5,p02,l3,1
i19,e10,c5,p35,l4,11
i38,e06,c1,p09,l3,313
i61,e08,c1,p35,l3,35
i05,e06,c1,p32,l3,2
i41,e08,c1,p11,l3,24
i05,e04,c1,p10,l3,26
i06,e10,c5,p05,l1,88
i05,e08,c1,p04,l3,10
i32,e08,c5,p24,l3,10
i23,e01,c5,p09,l3,6
i34,e01,c5,p12,l3,18
i21,e04,c1,p07,l3,5
i30,e04,c1,p03,l3,11
i17,e01,c5,p13,l3,22
i06,e05,c5,p24,l1,4
i22,e02,c5,p11,l3,3
i38,e10,c1,p30,l4,22
i18,e04,c1,p35,l3,21
i34,e08,c5,p23,l3,9
i16,e04,c5,p02,l3,2
i41,e07,c1,p35,l3,14
i46,e01,c1,p19,l3,9
i17,e09,c5,p03,l3,7
i38,e11,c4,p07,l2,2
i43,e09,c1,p21,l3,7
i43,e09,c1,p09,l3,1
i17,e01,c5,p23,l3,10
i38,e11,c4,p10,l2,8
i23,e08,c5,p02,l3,2
i66,e04,c3,p16,l3,3
i01,e09,c1,p01,l3,2
i41,e01,c1,p05,l3,2
i06,e07,c5,p13,l2,3
i05,e12,c1,p02,l3,2
i06,e05,c5,p19,l1,5
i43,e08,c1,p23,l3,3
i06,e07,c5,p18,l2,1
i42,e02,c5,p19,l3,3
i14,e08,c5,p33,l3,1
i41,e01,c1,p08,l3,1
i39,e04,c5,p31,l3,1
i05,e09,c1,p10,l3,33
i38,e10,c1,p20,l4,302
i38,e10,c1,p03,l4,4424
i38,e10,c1,p18,l4,1507
i06,e08,c5,p16,l2,3223
i38,e04,c1,p22,l1,33
i38,e10,c1,p05,l2,46
i06,e12,c5,p19,l3,907
i06,e12,c5,p30,l3,13
i06,e01,c5,p02,l3,52
i38,e01,c1,p13,l3,102
i06,e09,c5,p35,l2,111
i06,e10,c3,p15,l3,352
i34,e09,c5,p06,l3,6
i02,e09,c1,p24,l3,29
i02,e01,c1,p23,l3,12
i38,e11,c1,p01,l2,380
i17,e11,c5,p22,l3,26
i19,e10,c5,p35,l3,86
i39,e04,c5,p21,l3,56
i02,e04,c1,p25,l3,15
i14,e04,c5,p01,l3,8
i38,e08,c1,unknown,l2,1
i38,e10,c4,p24,l4,31
i07,e04,c5,p35,l3,15
i14,e11,c5,p19,l3,3
i17,e04,c5,p03,l3,70
i63,e10,c1,p10,l4,49
i30,e01,c1,p29,l3,13
i41,e08,c1,p15,l3,10
i63,e10,c1,p10,l3,35
i18,e01,c1,p35,l3,13
i30,e09,c1,p04,l3,5
i41,e01,c1,p21,l3,8
i39,e01,c5,p16,l3,8
i19,e08,c5,p10,l3,18
i17,e11,c5,p18,l3,34
i13,e01,c5,p17,l3,3
i38,e08,c4,p03,l2,24
i09,e04,c5,p04,l3,2
i34,e08,c5,p17,l3,23
i05,e12,c1,p20,l3,12
i48,e11,c1,p15,l3,2
i23,e04,c5,p28,l3,2
i23,e03,c5,p04,l3,6
i34,e01,c5,p25,l3,5
i06,e10,c3,p17,l4,7
i16,e01,c5,p24,l3,9
i05,e03,c1,p12,l3,2
i12,e08,c5,p06,l3,9
i29,e01,c5,p35,l3,5
i29,e09,c5,p12,l3,1
i34,e04,c5,p17,l3,2
i32,e04,c5,p19,l3,6
i38,e08,c4,p01,l2,7
i05,e03,c1,p07,l3,2
i38,e10,c4,p14,l3,9
i05,e11,c1,p35,l3,2
i30,e04,c1,p11,l3,3
i05,e03,c1,p02,l3,2
i16,e11,c5,p06,l3,1
i38,e09,c4,p03,l2,1
i01,e09,c1,p29,l3,1
i31,e11,c1,p14,l3,1
i41,e08,c1,p07,l3,1
i38,e12,c1,p28,l3,1
i07,e09,c5,p35,l3,3
i23,e03,c5,p09,l3,1
i42,e05,c3,p05,l3,1
i06,e10,c3,p31,l1,1
i03,e01,c5,p15,l3,2
i14,e08,c3,p18,l3,1
i38,e10,c1,p29,l3,4794
i06,e10,c5,p35,l3,23964
i38,e06,c1,p10,l3,4560
i38,e10,c1,p28,l2,12
i06,e10,c3,p01,l3,145
i38,e10,c1,p17,l2,31
i06,e12,c5,p25,l3,58
i06,e08,c5,p22,l2,1620
i02,e04,c1,p11,l3,380
i38,e01,c1,p22,l3,33
i01,e09,c1,p35,l3,42
i38,e08,c1,p06,l2,39
i06,e09,c5,p12,l2,82
i34,e01,c5,p24,l3,7
i38,e10,c4,p16,l4,38
i05,e08,c1,p07,l3,39
i38,e06,c1,p15,l3,1183
i41,e08,c1,p22,l3,19
i30,e04,c1,p10,l3,64
i34,e04,c5,p07,l3,45
i06,e02,c5,p11,l1,2
i02,e09,c1,p22,l3,19
i34,e04,c5,p06,l3,9
i38,e12,c1,p10,l3,394
i03,e08,c5,p15,l3,7
i17,e09,c5,p04,l3,19
i32,e11,c5,p03,l3,2
i14,e08,c5,p07,l3,7
i34,e09,c5,p10,l3,21
i12,e04,c5,p13,l3,15
i39,e04,c5,p11,l3,13
i02,e08,c4,p18,l3,8
i12,e04,c5,p16,l3,6
i32,e04,c5,p35,l3,57
i23,e04,c5,p12,l3,21
i01,e11,c1,p10,l3,3
i43,e09,c1,p07,l3,18
i05,e12,c1,p21,l3,38
i38,e08,c1,p23,l2,30
i06,e10,c5,p24,l1,50
i06,e05,c3,p16,l1,1
i14,e01,c5,p35,l3,11
i38,e04,c1,p28,l1,24
i05,e01,c1,p15,l3,6
i38,e10,c1,p24,l2,31
i121,e05,c5,p10,l3,11
i39,e09,c5,p29,l3,2
i14,e09,c5,p14,l3,2
i02,e09,c1,p16,l3,61
i28,e04,c1,p35,l3,18
i29,e04,c5,p11,l3,2
i14,e11,c5,p06,l3,1
i03,e08,c5,p07,l3,8
i41,e04,c1,p07,l3,1
i30,e04,c1,p07,l3,8
i17,e09,c5,p28,l3,6
i38,e01,c1,p20,l3,1
i03,e04,c5,p16,l3,5
i46,e08,c1,p21,l3,6
i34,e05,c5,p07,l3,2
i46,e01,c1,p03,l3,2
i43,e01,c1,p03,l3,12
i03,e09,c5,p05,l3,3
i06,e05,c5,p11,l1,3
i05,e09,c1,p32,l3,3
i23,e03,c5,p07,l3,6
i32,e08,c5,p05,l3,3
i38,e11,c4,p03,l2,5
i26,e01,c1,p35,l3,5
i03,e09,c5,p16,l3,2
i05,e08,c1,p03,l3,5
i38,e10,c1,unknown,l4,7
i14,e09,c5,p24,l3,2
i42,e05,c3,p29,l3,2
i13,e08,c5,p16,l3,6
i66,e04,c3,p11,l3,2
i46,e08,c4,p03,l3,1
i34,e09,c5,p11,l3,1
i39,e09,c5,p23,l3,2
i09,e04,c5,p18,l3,1
i24,e07,c1,p19,l3,1
i30,e01,c1,p02,l3,1
i20,e01,c5,p10,l3,1
i06,e10,c5,p14,l3,24034
i06,e10,c5,p22,l3,14214
i38,e10,c1,p14,l3,4181
i02,e04,c1,p24,l3,32
i06,e10,c5,p25,l4,979
i06,e10,c5,p23,l1,23
i02,e04,c1,p07,l3,131
i16,e08,c5,p16,l3,16
i02,e08,c1,p04,l3,275
i06,e10,c3,p09,l3,45
i06,e08,c5,p21,l2,4101
i17,e08,c5,p15,l3,62
i02,e09,c1,p04,l3,138
i06,e11,c5,p01,l2,557
i38,e08,c1,p19,l2,1137
i06,e09,c5,p16,l2,129
i34,e08,c5,p15,l3,8
i38,e06,c1,p25,l3,165
i38,e04,c1,p05,l1,33
i30,e09,c1,p10,l3,27
i17,e08,c5,p01,l3,155
i06,e01,c5,p13,l3,58
i17,e11,c5,p11,l3,88
i38,e10,c1,p26,l3,517
i06,e09,c5,p11,l2,77
i03,e10,c5,p10,l3,21
i38,e06,c4,p10,l3,94
i01,e01,c1,p15,l3,7
i38,e10,c1,p21,l2,54
i06,e12,c3,p32,l3,4
i06,e04,c5,p15,l1,229
i14,e04,c5,p09,l3,15
i38,e10,c4,p07,l4,41
i17,e01,c5,p19,l3,39
i16,e04,c5,p07,l3,35
i14,e04,c5,p19,l3,4
i38,e11,c1,p35,l2,27
i34,e01,c5,p07,l3,11
i14,e12,c5,p24,l3,8
i41,e04,c1,p17,l3,8
i16,e04,c5,p24,l3,14
i38,e10,c4,p04,l4,21
i16,e01,c5,p18,l3,4
i38,e11,c1,p22,l2,44
i43,e09,c1,p12,l3,6
i16,e11,c5,p03,l3,8
i38,e11,c4,p35,l2,1
i39,e01,c5,p05,l3,39
i05,e08,c1,p19,l3,34
i42,e05,c3,p22,l3,32
i06,e10,c5,p26,l1,9
i07,e08,c5,p21,l3,13
i38,e05,c1,p15,l1,3
i41,e07,c1,p11,l3,4
i38,e10,c1,unknown,l3,4
i39,e09,c5,p16,l3,7
i38,e09,c4,p01,l2,7
i61,e09,c1,p35,l3,3
i30,e01,c1,p18,l3,4
i43,e09,c1,p20,l3,1
i34,e03,c3,p15,l3,3
i38,e10,c4,p21,l4,34
i38,e12,c4,p02,l3,3
i14,e12,c5,p05,l3,35
i38,e08,c4,p19,l2,2
i38,e09,c1,p16,l2,26
i48,e08,c1,p10,l3,1
i07,e12,c5,p19,l3,3
i06,e10,c5,p09,l2,20
i09,e09,c5,p01,l3,1
i13,e08,c5,p29,l3,4
i16,e08,c5,p06,l3,1
i12,e08,c5,p18,l3,4
i05,e01,c1,p06,l3,2
i13,e11,c5,p06,l3,1
i03,e01,c5,p20,l3,1
i07,e08,c5,p09,l3,6
i14,e01,c5,p16,l3,1
i19,e12,c5,p10,l3,1
i38,e09,c7,p32,l2,4
i14,e01,c5,p10,l3,3
i38,e11,c1,unknown,l2,1
i07,e11,c5,p09,l3,1
i38,e05,c1,p21,l1,1
i38,e10,c1,p01,l4,4565
i06,e10,c5,p17,l4,3035
i06,e10,c5,p24,l4,3102
i63,e10,c1,p35,l4,20
i38,e10,c1,p22,l4,608
i06,e11,c5,p19,l2,1627
i23,e10,c5,p10,l3,151
i06,e08,c5,p08,l2,743
i38,e04,c1,p21,l1,102
i06,e04,c5,p02,l1,176
i38,e06,c1,p18,l3,292
i47,e09,c1,p35,l3,152
i16,e09,c5,p32,l3,9
i02,e04,c1,p13,l3,163
i38,e08,c1,p21,l2,208
i06,e04,c5,p09,l1,256
i06,e11,c5,p14,l2,275
i63,e08,c1,p35,l3,13
i17,e11,c5,p19,l3,82
i34,e03,c5,p05,l3,52
i38,e01,c1,p01,l3,142
i38,e09,c1,p13,l2,120
i39,e04,c5,p35,l3,371
i30,e01,c1,p10,l3,20
i38,e08,c1,p13,l2,249
i02,e08,c1,p09,l3,82
i06,e12,c5,p28,l3,64
i34,e04,c5,p12,l3,20
i03,e04,c5,p07,l3,20
i38,e10,c1,unknown,l4,11
i02,e08,c1,p02,l3,124
i06,e12,c5,p32,l3,90
i38,e10,c4,p11,l4,13
i30,e01,c1,p21,l3,15
i39,e04,c5,p32,l3,19
i42,e05,c3,p15,l3,10
i38,e10,c4,p17,l3,67
i02,e01,c1,p22,l3,16
i34,e04,c5,p29,l3,17
i63,e10,c1,p35,l2,8
i05,e12,c1,p14,l3,7
i06,e10,c3,p14,l4,13
i03,e11,c5,p18,l3,6
i02,e01,c1,p08,l3,25
i41,e07,c1,p10,l3,11
i06,e01,c5,p09,l3,64
i38,e10,c1,p12,l1,12
i46,e09,c1,p10,l3,5
i05,e06,c1,p21,l3,7
i43,e09,c1,p28,l3,6
i05,e07,c1,p12,l3,12
i14,e12,c5,p18,l3,3
i42,e05,c5,p21,l3,2
i05,e12,c1,p18,l3,3
i38,e10,c1,unknown,l4,8
i17,e04,c5,p28,l3,20
i07,e08,c5,p02,l3,1
i43,e01,c1,p35,l3,31
i39,e09,c5,p17,l3,8
i38,e10,c7,p32,l3,3
i17,e09,c5,p32,l3,4
i14,e04,c5,p16,l3,6
i41,e07,c1,p19,l3,8
i25,e08,c5,p19,l3,3
i38,e10,c1,p30,l3,30
i05,e03,c1,p13,l3,1
i19,e08,c5,p35,l3,20
i06,e08,c3,p13,l2,2
i38,e04,c1,p20,l1,3
i27,e10,c5,p12,l3,2
i27,e01,c5,p23,l3,1
i13,e03,c5,p17,l3,1
i67,e09,c5,p05,l3,2
i37,e03,c5,p33,l3,1
i38,e10,c4,p06,l4,1
i38,e04,c4,p05,l1,1
i34,e09,c5,p29,l3,4
i06,e10,c3,p09,l1,2
i27,e01,c5,p05,l3,1
i38,e07,c1,p14,l2,1
i05,e01,c1,p11,l3,1
i30,e01,c1,p15,l3,1
i39,e01,c5,p06,l3,1
i33,e03,c1,p10,l3,4
i02,e11,c1,p14,l3,1
i14,e08,c3,p21,l3,2
i12,e01,c5,p11,l3,1
i14,e02,c5,p29,l3,1
i03,e04,c5,p17,l3,2
i63,e08,c1,p10,l3,2642
i21,e03,c1,p13,l3,4
i38,e10,c1,p08,l3,3885
i06,e04,c5,p16,l1,359
i06,e08,c5,p05,l2,2580
i38,e10,c1,p32,l4,477
i05,e08,c1,p02,l3,10
i02,e04,c1,p35,l3,180
i38,e06,c1,p03,l3,1063
i17,e01,c5,p15,l3,15
i06,e08,c5,p32,l2,655
i06,e04,c5,p21,l1,342
i38,e09,c1,p17,l2,75
i06,e09,c5,p05,l2,125
i38,e10,c1,p15,l2,37
i06,e10,c3,p05,l3,353
i39,e04,c5,p19,l3,45
i02,e08,c1,p13,l3,722
i17,e04,c5,p15,l3,53
i38,e08,c1,p08,l2,66
i06,e04,c5,p12,l1,157
i02,e08,c1,p06,l3,264
i02,e01,c1,p35,l3,143
i17,e08,c5,p26,l3,1
i38,e01,c1,p19,l3,211
i14,e09,c5,p35,l3,4
i17,e11,c5,p15,l3,23
i13,e08,c5,p03,l3,18
i38,e08,c1,p24,l2,82
i39,e01,c5,p13,l3,10
i21,e04,c1,p06,l3,1
i12,e08,c5,p24,l3,8
i42,e02,c5,p21,l3,1
i17,e08,c5,p17,l3,51
i38,e10,c1,p31,l4,68
i43,e08,c1,p12,l3,7
i38,e10,c4,p15,l4,36
i43,e08,c1,p04,l3,5
i34,e01,c5,p16,l3,7
i05,e08,c1,p11,l3,41
i12,e08,c5,p21,l3,2
i38,e06,c4,p12,l3,32
i38,e10,c1,p34,l3,4
i06,e09,c5,p09,l2,29
i46,e11,c1,p02,l3,63
i34,e03,c5,p25,l3,31
i38,e01,c1,p29,l3,13
i05,e08,c1,p16,l3,3
i38,e11,c1,p20,l2,19
i17,e09,c5,p16,l3,8
i05,e06,c1,p01,l3,4
i16,e09,c5,p18,l3,3
i46,e01,c4,p14,l3,2
i38,e12,c4,p05,l3,1
i41,e01,c1,p24,l3,10
i05,e09,c1,p29,l3,2
i38,e12,c1,p18,l3,3
i49,e03,c1,p33,l3,10
i17,e09,c5,p02,l3,3
i41,e08,c1,p29,l3,11
i05,e07,c1,p26,l3,1
i23,e03,c5,p15,l3,4
i07,e04,c5,p07,l3,1
i32,e01,c5,p35,l3,5
i38,e10,c1,p29,l2,6
i29,e09,c5,p15,l3,1
i25,e08,c5,p04,l3,2
i16,e09,c5,p06,l3,3
i06,e08,c3,p12,l2,2
i75,e04,c1,p35,l3,1
i30,e04,c1,p02,l3,1
i41,e01,c1,p18,l3,1
i21,e03,c1,p17,l3,2
i21,e03,c1,p03,l3,1
i23,e04,c5,p02,l3,2
i21,e01,c1,p11,l3,2
i38,e08,c4,p21,l2,1
i06,e10,c5,p10,l3,146704
i38,e10,c1,p18,l3,7828
i38,e10,c1,p07,l3,13920
i43,e04,c1,p35,l3,80
i02,e09,c1,p01,l3,232
i17,e11,c5,p05,l3,109
i38,e06,c1,p08,l3,445
i38,e08,c1,p10,l2,2053
i06,e11,c5,p22,l2,92
i06,e12,c5,p24,l3,189
i06,e09,c5,p29,l2,88
i06,e09,c5,p17,l2,73
i43,e08,c1,p09,l3,5
i38,e01,c1,p06,l3,14
i17,e11,c5,p13,l3,138
i38,e09,c1,p15,l2,60
i17,e04,c5,p29,l3,92
i05,e12,c1,p16,l3,12
i17,e08,c5,p35,l3,5
i06,e11,c5,p04,l2,416
i06,e04,c5,p13,l1,132
i06,e11,c5,p08,l2,98
i06,e09,c5,p31,l2,11
i34,e03,c5,p23,l3,40
i38,e04,c1,p35,l1,5
i34,e03,c5,p17,l3,45
i16,e04,c5,p12,l3,12
i38,e11,c1,p15,l2,272
i05,e01,c1,p22,l3,4
i38,e08,c1,p05,l2,277
i17,e01,c5,p07,l3,7
i38,e04,c4,p21,l1,1
i38,e10,c1,p23,l2,17
i06,e11,c3,p19,l2,79
i31,e01,c1,p35,l3,17
i39,e09,c5,p19,l3,29
i41,e05,c1,p19,l3,2
i34,e09,c5,p15,l3,4
i38,e01,c1,p14,l3,12
i46,e08,c1,p03,l3,3
i39,e04,c5,p14,l3,19
i48,e11,c1,p10,l3,14
i42,e02,c5,p09,l3,1
i06,e04,c5,p33,l1,8
i25,e10,c5,p21,l4,6
i43,e01,c1,p04,l3,3
i64,e11,c3,p35,l3,1
i21,e03,c1,p02,l3,2
i01,e01,c1,p03,l3,5
i05,e09,c1,p28,l3,6
i39,e09,c5,p25,l3,5
i06,e08,c3,p22,l2,5
i01,e08,c1,p29,l3,13
i32,e04,c5,p06,l3,1
i41,e01,c1,p12,l3,3
i27,e08,c5,p22,l3,1
i05,e07,c1,p13,l3,1
i09,e04,c5,p24,l3,1
i38,e07,c1,p08,l2,2
i136,e01,c1,p10,l3,2
i39,e01,c5,p29,l3,2
i21,e09,c1,p13,l3,2
i12,e08,c5,p16,l3,3
i13,e03,c5,p24,l3,1
i66,e01,c3,p13,l3,1
i39,e04,c3,p35,l3,1
i38,e01,c4,p10,l3,1
i13,e08,c5,p28,l3,1
i42,e05,c5,p12,l3,1
i65,e08,c3,p35,l3,1
i38,e10,c1,p23,l3,2789
i06,e10,c5,p02,l3,15901
i06,e04,c5,p07,l1,450
i38,e10,c1,p02,l3,6710
i38,e10,c1,p24,l3,7153
i34,e08,c5,p13,l3,8
i13,e08,c5,p17,l3,21
i06,e10,c5,p07,l1,53
i02,e04,c1,p10,l3,537
i23,e09,c5,p10,l3,23
i06,e11,c5,p32,l2,103
i06,e09,c5,p02,l2,45
i38,e08,c1,p15,l2,203
i14,e08,c5,p05,l3,14
i06,e08,c5,p33,l2,35
i38,e10,c1,p31,l3,354
i30,e04,c1,p20,l3,6
i38,e04,c1,p04,l1,97
i08,e08,c1,p35,l3,25
i38,e11,c1,p06,l2,65
i38,e10,c1,p02,l1,16
i38,e04,c1,p12,l1,52
i38,e10,c1,p24,l1,15
i41,e01,c1,p19,l3,13
i38,e08,c1,p28,l2,32
i06,e04,c3,p15,l1,2
i02,e01,c1,p28,l3,52
i16,e11,c5,p07,l3,15
i02,e08,c4,p15,l3,39
i34,e04,c5,p18,l3,10
i17,e01,c5,p11,l3,9
i06,e10,c5,p14,l2,53
i06,e08,c5,p26,l2,109
i38,e10,c4,p03,l4,75
i38,e10,c1,p18,l2,18
i38,e10,c4,p05,l4,34
i06,e05,c5,p16,l1,9
i06,e10,c5,p03,l1,53
i38,e10,c1,p03,l1,19
i06,e07,c5,p05,l2,2
i38,e10,c4,p18,l3,56
i06,e10,c5,p33,l4,15
i06,e10,c3,p15,l4,16
i38,e10,c1,p04,l1,10
i38,e10,c1,p15,l1,28
i02,e01,c4,p18,l3,3
i88,e01,c1,p35,l3,5
i42,e05,c5,p20,l3,9
i12,e01,c5,p05,l3,3
i66,e04,c3,p19,l3,2
i05,e08,c1,p08,l3,7
i23,e03,c5,p05,l3,3
i17,e09,c5,p09,l3,2
i27,e09,c5,p24,l3,4
i38,e11,c1,unknown,l2,1
i38,e10,c4,p10,l2,18
i34,e09,c5,p09,l3,4
i34,e08,c5,p32,l3,1
i59,e04,c5,p10,l3,20
i16,e09,c5,p10,l3,8
i34,e04,c5,p28,l3,2
i23,e09,c5,p02,l3,2
i32,e01,c5,p10,l3,1
i43,e08,c1,p35,l3,3
i13,e12,c5,p10,l3,1
i12,e01,c5,p01,l3,5
i38,e05,c1,p25,l1,1
i39,e09,c5,p20,l3,1
i05,e06,c1,p08,l3,1
i17,e09,c5,p26,l3,1
i38,e11,c4,p14,l2,1
i39,e01,c5,p08,l3,2
i06,e11,c3,p13,l2,1
i06,e10,c5,p04,l3,22578
i30,e04,c1,p04,l3,8
i06,e10,c5,p28,l3,11373
i38,e10,c1,p22,l3,2171
i02,e04,c1,p01,l3,408
i38,e08,c1,p01,l2,326
i38,e08,c1,p18,l2,210
i06,e10,c3,p14,l3,158
i06,e11,c5,p09,l2,88
i02,e08,c1,p16,l3,852
i01,e08,c1,p01,l3,30
i06,e04,c5,p29,l1,299
i16,e04,c5,p32,l3,13
i06,e10,c5,p21,l1,88
i06,e04,c5,p18,l1,213
i30,e04,c1,p12,l3,9
i41,e01,c1,p01,l3,3
i38,e12,c1,p04,l3,4
i02,e08,c1,p29,l3,234
i34,e03,c5,p28,l3,16
i34,e08,c5,p19,l3,40
i16,e04,c5,p11,l3,21
i01,e11,c1,p35,l3,14
i01,e08,c1,p24,l3,12
i06,e10,c5,p04,l2,36
i02,e01,c1,p20,l3,12
i38,e10,c4,p13,l4,11
i34,e01,c5,p19,l3,13
i03,e04,c5,p10,l3,4
i38,e10,c4,p22,l3,64
i23,e04,c5,p21,l3,2
i38,e09,c1,p18,l2,31
i14,e08,c5,p23,l3,8
i03,e04,c5,p19,l3,3
i38,e11,c1,p28,l2,34
i12,e04,c5,p01,l3,11
i23,e08,c5,p19,l3,6
i39,e09,c5,p04,l3,11
i17,e04,c5,p24,l3,18
i41,e11,c1,p04,l3,15
i17,e09,c5,p18,l3,14
i38,e06,c4,p21,l3,31
i30,e09,c1,p02,l3,2
i24,e08,c1,p15,l3,7
i14,e08,c5,p06,l3,3
i06,e09,c5,p33,l2,11
i41,e09,c1,p04,l3,3
i30,e01,c1,p32,l3,2
i06,e12,c5,p26,l3,17
i07,e04,c5,p05,l3,1
i03,e10,c5,p24,l3,2
i06,e04,c3,p13,l1,1
i26,e11,c1,p35,l3,14
i34,e03,c3,p19,l3,6
i33,e04,c1,p03,l3,1
i67,e10,c5,p16,l3,2
i08,e09,c1,p10,l3,1
i05,e08,c1,p22,l3,6
i27,e09,c5,p22,l3,2
i05,e03,c1,p05,l3,1
i05,e01,c1,p07,l3,3
i33,e01,c1,p03,l3,2
i14,e09,c5,p07,l3,2
i30,e09,c1,p11,l3,4
i42,e05,c5,p18,l3,2
i43,e09,c1,p29,l3,1
i34,e05,c5,p02,l3,1
i05,e04,c1,p21,l3,1
i01,e08,c1,p14,l3,2
i30,e04,c1,p23,l3,3
i38,e01,c4,p08,l3,1
i49,e11,c1,p33,l3,1
i14,e12,c5,p17,l3,2
i03,e09,c5,p15,l3,1
i32,e11,c5,p23,l3,2
i13,e12,c5,p19,l3,1
i06,e10,c5,p32,l3,9440
i06,e10,c5,p12,l4,3572
i34,e03,c5,p01,l3,201
i38,e11,c1,p07,l2,285
i38,e10,c4,p07,l3,370
i38,e10,c1,p18,l1,11
i06,e11,c5,p15,l2,758
i34,e03,c5,p11,l3,90
i06,e10,c3,p08,l3,172
i06,e10,c5,p29,l2,40
i38,e08,c1,p02,l2,157
i38,e10,c1,p09,l1,11
i38,e10,c1,p09,l2,30
i06,e08,c5,p24,l2,2051
i38,e10,c1,p11,l2,170
i06,e04,c5,p19,l1,854
i17,e04,c5,p01,l3,146
i06,e08,c5,p07,l2,3855
i16,e04,c5,p16,l3,9
i06,e04,c5,p32,l1,71
i34,e01,c5,p17,l3,3
i43,e01,c1,p08,l3,2
i05,e08,c1,p13,l3,18
i06,e05,c5,p12,l1,1
i14,e08,c5,p18,l3,58
i05,e01,c1,p32,l3,2
i16,e08,c5,p24,l3,44
i17,e09,c5,p01,l3,28
i13,e03,c5,p11,l3,1
i39,e01,c5,p22,l3,12
i06,e10,c3,p29,l3,14
i44,e08,c3,p10,l3,10
i43,e08,c1,p24,l3,4
i43,e04,c1,p24,l3,4
i42,e05,c5,p09,l3,1
i34,e09,c5,p17,l3,5
i16,e04,c5,p08,l3,7
i17,e04,c5,p16,l3,26
i14,e05,c5,p22,l3,1
i06,e05,c5,p01,l1,12
i17,e08,c5,p07,l3,29
i03,e04,c5,p29,l3,4
i48,e08,c1,p35,l3,4
i46,e01,c1,p24,l3,2
i05,e01,c1,p04,l3,2
i07,e04,c5,p16,l3,3
i23,e09,c5,p03,l3,2
i05,e12,c1,p09,l3,2
i41,e09,c1,p29,l3,1
i38,e12,c1,p06,l3,3
i03,e01,c5,p24,l3,2
i38,e04,c4,p02,l1,2
i05,e06,c1,p07,l3,3
i46,e09,c4,p01,l3,3
i38,e01,c4,p07,l3,1
i21,e09,c1,p04,l3,3
i42,e05,c3,p10,l3,1
i38,e10,c1,p25,l1,2
i23,e04,c5,p06,l3,1
i12,e08,c5,p07,l3,5
i46,e04,c4,p08,l3,1
i30,e09,c1,p35,l3,2
i07,e08,c5,p22,l3,1
i42,e02,c5,p14,l3,1
i09,e05,c5,p21,l3,1
i95,e01,c5,p35,l3,1
i41,e12,c1,p17,l3,1
i14,e01,c5,p19,l3,1
i15,e09,c2,p35,l3,3145
i38,e10,c1,p13,l3,13953
i38,e10,c1,p32,l3,1378
i06,e10,c5,p03,l2,136
i38,e10,c1,p21,l4,2801
i01,e08,c1,p09,l3,12
i38,e09,c1,p20,l2,5
i38,e10,c1,p10,l1,136
i02,e09,c1,p19,l3,588
i38,e06,c1,p23,l3,216
i02,e01,c1,p03,l3,203
i06,e10,c5,p11,l1,75
i02,e08,c1,p17,l3,381
i34,e04,c5,p22,l3,6
i34,e03,c5,p21,l3,111
i02,e01,c1,p09,l3,23
i16,e11,c5,p10,l3,1
i34,e08,c5,p10,l3,115
i07,e12,c5,p22,l3,8
i17,e01,c5,p17,l3,22
i01,e08,c1,p13,l3,76
i34,e08,c5,p31,l3,7
i43,e08,c1,p10,l3,144
i19,e04,c5,p10,l3,23
i34,e09,c5,p01,l3,19
i14,e12,c5,p08,l3,136
i38,e10,c7,p10,l4,18
i17,e11,c5,p32,l3,44
i39,e04,c5,p08,l3,9
i41,e09,c1,p13,l3,8
i34,e09,c5,p35,l3,25
i43,e01,c1,p11,l3,7
i05,e09,c1,p07,l3,2
i17,e01,c5,p01,l3,26
i38,e10,c1,unknown,l3,4
i17,e08,c5,p05,l3,60
i21,e01,c1,p18,l3,1
i17,e09,c5,p25,l3,3
i21,e01,c1,p10,l3,9
i06,e10,c5,p06,l2,39
i43,e07,c1,p15,l3,1
i03,e10,c5,p14,l3,6
i38,e10,c1,p26,l1,4
i41,e07,c1,p03,l3,5
i16,e04,c5,p21,l3,14
i41,e07,c1,p07,l3,1
i01,e01,c1,p10,l3,8
i05,e12,c1,p15,l3,4
i05,e06,c1,p05,l3,5
i38,e10,c1,unknown,l3,4
i41,e04,c1,p13,l3,5
i17,e01,c5,p35,l3,4
i19,e11,c5,p35,l3,22
i06,e10,c5,p31,l1,5
i39,e04,c5,p03,l3,30
i17,e04,c5,p35,l3,7
i21,e12,c1,p10,l3,3
i05,e08,c1,p28,l3,4
i09,e09,c5,p35,l3,2
i30,e09,c1,p29,l3,4
i21,e09,c1,p07,l3,1
i43,e04,c1,p23,l3,1
i34,e09,c5,p07,l3,9
i29,e09,c5,p05,l3,2
i23,e03,c5,p17,l3,2
i27,e01,c5,p19,l3,1
i34,e01,c5,p18,l3,5
i06,e10,c3,p03,l3,189
i38,e10,c4,p03,l3,233
i38,e10,c1,p21,l3,14938
i38,e10,c1,p08,l4,706
i06,e10,c5,p07,l4,3350
i06,e10,c5,p02,l4,1645
i46,e11,c1,p35,l3,1888
i38,e10,c4,p15,l3,227
i38,e08,c1,p03,l2,339
i27,e09,c5,p20,l3,1
i38,e10,c1,p35,l4,416
i37,e10,c5,p33,l3,267
i06,e08,c5,p06,l2,1870
i06,e04,c5,p04,l1,162
i43,e01,c1,p21,l3,10
i38,e04,c4,p01,l1,8
i02,e08,c1,p21,l3,811
i02,e01,c1,p15,l3,101
i05,e01,c1,p01,l3,13
i02,e08,c1,p07,l3,565
i06,e11,c5,p16,l2,467
i13,e08,c5,p01,l3,68
i38,e10,c1,p19,l2,134
i23,e11,c5,p10,l3,148
i13,e08,c5,p24,l3,55
i06,e01,c5,p15,l3,139
i06,e01,c5,p08,l3,35
i38,e06,c4,p11,l3,18
i05,e03,c1,p22,l3,2
i06,e10,c3,p24,l3,90
i38,e09,c1,p22,l2,17
i06,e10,c5,p35,l2,52
i16,e04,c5,p10,l3,33
i41,e11,c1,p03,l3,2
i34,e04,c5,p19,l3,41
i14,e04,c5,p07,l3,34
i34,e08,c5,p21,l3,25
i46,e09,c1,p35,l3,33
i43,e01,c1,p13,l3,4
i06,e10,c3,p05,l4,4
i27,e01,c5,p16,l3,5
i02,e08,c1,p23,l3,76
i14,e08,c5,p12,l3,6
i06,e12,c5,p04,l3,95
i06,e12,c5,p09,l3,136
i43,e04,c1,p15,l3,8
i05,e04,c1,p19,l3,12
i05,e01,c1,p23,l3,3
i76,e04,c5,p35,l3,16
i41,e08,c1,p05,l3,4
i13,e03,c5,p28,l3,1
i22,e05,c5,p06,l3,1
i14,e04,c5,p06,l3,1
i38,e11,c4,p32,l2,1
i06,e05,c5,p07,l1,1
i03,e01,c5,p05,l3,6
i01,e04,c1,p13,l3,3
i34,e03,c5,p29,l3,34
i88,e04,c1,p35,l3,1
i38,e10,c4,p19,l2,1
i38,e10,c1,p20,l1,6
i05,e06,c1,p17,l3,6
i06,e08,c3,p19,l2,12
i113,e01,c5,p10,l3,1
i14,e09,c5,p03,l3,6
i39,e04,c5,p13,l3,16
i14,e11,c5,p14,l3,1
i06,e08,c3,p29,l2,12
i38,e07,c1,p15,l2,4
i34,e04,c5,p04,l3,6
i23,e09,c5,p09,l3,2
i34,e09,c5,p21,l3,1
i111,e01,c1,p19,l3,1
i23,e08,c5,p01,l3,4
i46,e04,c1,p11,l3,1
i39,e09,c5,p03,l3,3
i49,e09,c1,p33,l3,1
i03,e05,c5,p10,l3,1
i05,e08,c1,p06,l3,2
i06,e02,c5,p15,l1,1
i06,e02,c5,p01,l1,3
i32,e04,c5,p15,l3,1
i48,e11,c1,p19,l3,2
i43,e05,c1,p04,l3,1
i01,e01,c1,p16,l3,1
i46,e06,c1,p11,l3,1
i46,e04,c1,p24,l3,1
i05,e06,c1,p31,l3,1
i38,e04,c1,p10,l1,543
i38,e10,c1,p10,l3,85528
i38,e10,c1,p23,l4,571
i06,e08,c5,p15,l2,3814
i07,e08,c5,p35,l3,252
i38,e11,c1,p16,l2,110
i38,e10,c1,p35,l2,612
i06,e08,c5,p01,l2,2807
i38,e10,c4,p24,l3,377
i06,e12,c5,p06,l3,180
i06,e12,c5,p13,l3,293
i38,e06,c1,p17,l3,620
i06,e10,c5,p31,l4,331
i39,e09,c5,p10,l3,16
i06,e01,c5,p35,l3,105
i06,e09,c5,p15,l2,114
i06,e09,c5,p10,l2,253
i14,e12,c5,p07,l3,74
i06,e12,c5,p23,l3,140
i06,e04,c5,p01,l1,316
i23,e01,c5,p18,l3,1
i06,e04,c5,p28,l1,96
i17,e08,c5,p24,l3,15
i34,e04,c5,p24,l3,16
i25,e03,c5,p19,l3,1
i19,e10,c5,p10,l2,11
i42,e05,c3,p11,l3,51
i43,e09,c1,p10,l3,20
i16,e09,c5,p11,l3,4
i02,e04,c1,p02,l3,43
i34,e04,c5,p02,l3,18
i38,e11,c1,p25,l2,44
i17,e09,c5,p11,l3,33
i32,e04,c5,p18,l3,5
i05,e08,c1,p12,l3,8
i38,e10,c4,p14,l4,14
i34,e01,c5,p21,l3,12
i38,e04,c1,p11,l1,92
i05,e06,c1,p11,l3,8
i21,e04,c1,p32,l3,1
i17,e01,c5,p21,l3,18
i29,e09,c5,p10,l3,2
i38,e06,c1,unknown,l3,13
i23,e09,c5,p07,l3,5
i02,e09,c1,p18,l3,21
i06,e05,c5,p22,l1,4
i06,e05,c5,p13,l1,3
i38,e08,c1,unknown,l2,6
i38,e05,c1,p03,l1,2
i32,e08,c5,p09,l3,9
i41,e04,c1,p01,l3,8
i49,e06,c1,p33,l3,1
i23,e04,c5,p04,l3,5
i43,e08,c1,p20,l3,1
i14,e11,c5,p12,l3,3
i38,e09,c1,p28,l2,11
i38,e05,c1,p24,l1,2
i43,e05,c1,p35,l3,3
i46,e08,c1,p07,l3,6
i06,e01,c3,p16,l3,1
i13,e01,c5,p15,l3,1
i13,e03,c5,p03,l3,1
i14,e04,c5,p18,l3,1
i38,e11,c1,p26,l2,5
i17,e09,c5,p35,l3,4
i23,e03,c5,p35,l3,1
i05,e04,c1,p14,l3,1
i46,e04,c1,p28,l3,1
i38,e07,c1,p16,l2,1
i48,e09,c1,p35,l3,1
i65,e04,c3,p35,l3,1
i06,e10,c5,p21,l3,50354
i06,e10,c5,p05,l3,54476
i06,e10,c5,p21,l4,4925
i38,e10,c1,p04,l4,1257
i06,e10,c5,p35,l4,2382
i38,e11,c1,p21,l2,258
i06,e10,c5,p11,l2,141
i38,e06,c4,p23,l3,12
i06,e04,c5,p35,l1,310
i38,e11,c1,p03,l2,426
i42,e05,c3,p32,l3,24
i39,e04,c5,p22,l3,8
i02,e04,c1,p15,l3,156
i38,e09,c1,p07,l2,87
i39,e01,c5,p35,l3,143
i38,e04,c1,p17,l1,79
i38,e10,c4,p10,l4,132
i06,e10,c3,p35,l3,12
i38,e12,c1,p17,l3,3
i34,e03,c5,p04,l3,51
i38,e11,c1,p08,l2,76
i02,e09,c1,p07,l3,60
i41,e08,c1,p13,l3,9
i21,e03,c1,p19,l3,4
i42,e05,c3,p01,l3,11
i34,e08,c5,p16,l3,50
i06,e10,c5,p25,l1,22
i38,e04,c1,p29,l1,24
i05,e12,c1,p19,l3,49
i66,e04,c3,p35,l3,12
i43,e08,c1,p13,l3,5
i17,e09,c5,p12,l3,20
i05,e08,c1,p15,l3,14
i34,e01,c5,p02,l3,5
i03,e10,c5,p21,l3,2
i16,e04,c5,p03,l3,8
i17,e11,c5,p20,l3,8
i43,e04,c1,p21,l3,17
i39,e01,c5,p21,l3,21
i26,e11,c7,p35,l3,1
i39,e04,c5,p12,l3,33
i61,e11,c4,p35,l3,3
i22,e05,c5,p08,l3,1
i41,e08,c1,p12,l3,6
i38,e09,c1,p25,l2,7
i01,e11,c1,p01,l3,2
i41,e07,c1,p17,l3,28
i17,e04,c5,p07,l3,27
i14,e08,c5,p10,l3,5
i17,e09,c5,p19,l3,21
i43,e04,c1,p18,l3,7
i16,e08,c5,p20,l3,4
i14,e12,c5,p16,l3,8
i12,e09,c5,p05,l3,3
unknown,e08,c5,p10,l3,9
i46,e08,c4,p01,l3,24
i23,e03,c5,p16,l3,6
i25,e10,c5,p28,l4,3
i21,e09,c4,p29,l3,1
i41,e04,c1,p12,l3,4
i38,e05,c1,p12,l1,1
i42,e02,c5,p32,l3,1
i38,e11,c1,unknown,l2,1
i39,e01,c5,p31,l3,3
i03,e10,c5,p15,l3,3
i05,e07,c1,p25,l3,1
i95,e05,c5,p35,l3,2
i41,e08,c1,p16,l3,1
i05,e09,c1,p04,l3,1
i07,e04,c5,p19,l3,1
i73,e01,c3,p35,l3,1
i06,e04,c3,p32,l1,3
i49,e06,c1,p01,l3,1
i14,e01,c5,p07,l3,1
i32,e09,c5,p20,l3,1
i06,e10,c5,p10,l4,11989
i06,e10,c5,p08,l3,11006
i06,e10,c5,p09,l3,12326
i06,e10,c5,p12,l2,143
i06,e10,c5,p30,l3,1318
i06,e10,c5,p04,l4,1945
i38,e11,c1,p13,l2,244
i38,e10,c1,p03,l2,93
i19,e10,c5,p10,l3,331
i34,e03,c5,p06,l3,37
i38,e10,c4,p12,l3,188
i13,e08,c5,p19,l3,137
i38,e10,c1,p07,l2,61
i41,e07,c1,p24,l3,4
i41,e09,c1,p21,l3,14
i38,e11,c1,p14,l2,63
i34,e03,c5,p16,l3,96
i17,e11,c5,p08,l3,41
i06,e11,c5,p13,l2,161
i41,e04,c1,p03,l3,4
i38,e04,c1,p16,l1,49
i39,e01,c5,p25,l3,4
i38,e10,c1,p05,l1,34
i02,e08,c1,p12,l3,104
i02,e01,c1,p13,l3,138
i38,e11,c4,p15,l2,4
i06,e12,c5,p29,l3,202
i06,e01,c5,p18,l3,84
i30,e04,c1,p19,l3,31
i38,e05,c1,p29,l1,1
i16,e08,c5,p05,l3,24
i06,e01,c5,p20,l3,12
i46,e01,c1,p10,l3,2
i34,e04,c5,p09,l3,14
i17,e01,c5,p12,l3,22
i16,e11,c5,p01,l3,3
i63,e03,c1,p10,l3,5
i23,e04,c5,p24,l3,1
i30,e04,c1,p05,l3,3
i46,e11,c1,p10,l3,4
i02,e09,c1,p25,l3,16
i34,e09,c5,p02,l3,3
i01,e01,c1,p11,l3,3
i31,e11,c1,p16,l3,5
i27,e08,c5,p15,l3,1
i17,e04,c5,p31,l3,1
i14,e09,c5,p15,l3,4
i39,e09,c5,p18,l3,5
i12,e04,c5,p21,l3,3
i17,e09,c5,p22,l3,2
i02,e08,c4,p35,l3,5
i43,e09,c1,p22,l3,1
i14,e11,c5,p17,l3,3
i27,e09,c5,p21,l3,2
i30,e01,c1,p03,l3,3
i41,e07,c1,p18,l3,5
i67,e01,c5,p05,l3,3
i06,e09,c5,p26,l2,4
i34,e01,c5,p11,l3,1
i03,e08,c5,p19,l3,4
i38,e09,c1,unknown,l2,1
i34,e01,c5,p22,l3,1
i39,e01,c5,p28,l3,1
i06,e01,c3,p18,l3,1
i12,e09,c5,p22,l3,1
i06,e10,c5,p03,l3,41100
i06,e10,c5,p20,l4,531
i38,e10,c1,p20,l3,1348
i38,e10,c4,p19,l4,46
i06,e10,c3,p13,l3,163
i06,e10,c5,p10,l1,179
i38,e11,c1,p17,l2,243
i38,e07,c1,p03,l2,5
i02,e09,c1,p10,l3,315
i38,e04,c1,p07,l1,153
i05,e09,c1,p05,l3,8
i41,e11,c1,p11,l3,21
i06,e11,c5,p03,l2,463
i02,e09,c1,p29,l3,34
i14,e08,c5,p08,l3,2
i100,e11,c5,p35,l3,15
i32,e08,c5,p10,l3,24
i19,e11,c5,p10,l3,176
i06,e10,c5,p28,l2,80
i43,e04,c1,p12,l3,5
i39,e09,c5,p05,l3,21
i27,e08,c5,p29,l3,15
i06,e10,c5,p32,l1,19
i30,e04,c1,p29,l3,2
i05,e09,c1,p12,l3,6
i06,e10,c5,p09,l1,17
i01,e08,c1,p12,l3,11
i33,e03,c1,p22,l3,4
i05,e04,c1,p01,l3,6
i38,e10,c4,p10,l1,3
i61,e11,c1,p35,l3,22
i17,e08,c5,p06,l3,12
i34,e09,c5,p18,l3,2
i07,e08,c5,p32,l3,8
i61,e04,c1,p35,l3,2
i05,e12,c1,p07,l3,6
i23,e03,c5,p12,l3,7
i39,e04,c5,p29,l3,8
i41,e07,c1,p21,l3,3
i07,e08,c5,p10,l3,45
i23,e12,c5,p03,l3,1
i03,e08,c5,p20,l3,2
i38,e11,c4,p05,l2,4
i43,e09,c1,p16,l3,2
i09,e04,c5,p07,l3,3
i06,e01,c3,p09,l3,2
i05,e08,c4,p35,l3,17
i38,e08,c1,p30,l2,177
i01,e08,c1,p23,l3,6
i38,e11,c1,unknown,l2,2
i41,e01,c1,p31,l3,3
i39,e04,c5,p28,l3,10
i43,e04,c1,p16,l3,2
i43,e03,c1,p29,l3,1
i38,e07,c1,p20,l2,1
i12,e04,c5,p17,l3,2
i43,e01,c1,p09,l3,2
i16,e01,c5,p04,l3,2
i05,e07,c1,p29,l3,2
i41,e07,c1,p02,l3,1
i03,e01,c5,p10,l3,4
i24,e08,c1,p19,l3,1
i13,e12,c5,p25,l3,1
i41,e07,c1,p25,l3,1
i32,e08,c5,p06,l3,1
i43,e03,c1,p11,l3,1
i06,e07,c5,p11,l2,1
i37,e01,c5,p33,l3,2
i06,e10,c5,p01,l4,5712
i06,e10,c3,p06,l3,211
i38,e10,c1,p10,l2,1850
i16,e04,c5,p01,l3,19
i06,e10,c5,p13,l1,61
i49,e10,c1,p33,l3,62
i38,e06,c1,p05,l3,715
i05,e08,c1,p35,l3,1553
i06,e10,c5,p22,l2,22
i06,e01,c5,p21,l3,159
i02,e01,c1,p10,l3,316
i46,e11,c1,p07,l3,209
i38,e12,c1,p07,l3,5
i02,e08,c1,p18,l3,338
i38,e10,c4,p01,l4,77
i06,e09,c5,p13,l2,58
i27,e04,c5,p24,l3,23
i06,e10,c3,p16,l3,106
i38,e08,c1,p16,l2,110
i38,e04,c1,p01,l1,137
i02,e09,c1,p17,l3,83
i38,e10,c1,p13,l1,36
i06,e10,c5,p18,l1,66
i38,e06,c1,p35,l3,152
i39,e01,c5,p19,l3,46
i38,e10,c1,p06,l2,15
i34,e08,c5,p22,l3,11
i32,e08,c5,p13,l3,8
i09,e04,c5,p35,l3,7
i41,e11,c1,p35,l3,18
i38,e10,c1,p16,l2,39
i34,e04,c5,p31,l3,1
i38,e04,c1,p24,l1,14
i09,e04,c5,p25,l3,2
i06,e12,c5,p20,l3,45
i17,e08,c5,p13,l3,33
i38,e06,c4,p05,l3,13
i34,e03,c5,p08,l3,10
i05,e08,c1,p17,l3,15
i32,e08,c5,p19,l3,10
i17,e08,c5,p09,l3,21
i34,e01,c5,p35,l3,27
i46,e11,c4,p01,l3,5
i38,e05,c1,p10,l1,10
i05,e07,c1,p10,l3,15
i38,e01,c4,p14,l3,1
i38,e09,c1,p31,l2,4
i05,e07,c1,p17,l3,6
i38,e10,c4,p03,l2,10
i02,e11,c1,p10,l3,1
i05,e06,c1,unknown,l3,1
i46,e09,c4,p35,l3,5
i16,e01,c5,p28,l3,3
i05,e12,c1,p11,l3,5
i23,e04,c5,p15,l3,4
i05,e04,c1,p12,l3,2
i17,e09,c5,p23,l3,3
i39,e04,c5,p15,l3,30
i06,e11,c3,p03,l2,8
i41,e01,c1,p14,l3,3
i14,e04,c5,p35,l3,7
i05,e03,c1,p04,l3,1
i02,e09,c1,p20,l3,3
i07,e04,c5,p22,l3,1
i13,e11,c5,p25,l3,7
i29,e01,c5,p15,l3,2
i32,e08,c5,p20,l3,3
i17,e04,c5,p09,l3,24
i38,e10,c4,p35,l3,4
i30,e01,c1,p09,l3,6
i05,e09,c1,p16,l3,8
i41,e07,c1,p12,l3,1
i21,e03,c1,p16,l3,1
i38,e11,c4,unknown,l2,1
i05,e09,c1,p17,l3,2
i05,e09,c1,p24,l3,1
i46,e09,c1,p21,l3,1
i12,e01,c5,p35,l3,1
i27,e04,c5,p12,l3,1
i05,e04,c1,p28,l3,1
i16,e01,c5,p06,l3,1
i43,e12,c1,p07,l3,1
i136,e04,c1,p10,l3,2
i16,e01,c5,p20,l3,1
i38,e10,c4,p02,l3,339
i38,e10,c1,p03,l3,17479
i38,e10,c1,p09,l3,3946
i31,e08,c1,p35,l3,562
i06,e08,c5,p12,l2,1962
i05,e08,c1,p10,l3,39
i06,e08,c5,p11,l2,3549
i38,e11,c1,p11,l2,280
i46,e08,c4,p35,l3,159
i05,e06,c1,p10,l3,44
i06,e10,c5,p10,l2,205
i05,e07,c1,p24,l3,3
i14,e09,c5,p10,l3,6
i06,e10,c3,p22,l4,8
i06,e05,c5,p35,l1,4
i06,e08,c5,p14,l2,1500
i39,e09,c5,p11,l3,2
i06,e01,c5,p19,l3,351
i05,e06,c1,p12,l3,10
i41,e07,c1,p08,l3,2
i06,e10,c3,p12,l4,21
i17,e11,c5,p25,l3,14
i34,e03,c5,p32,l3,31
i16,e01,c5,p11,l3,23
i34,e09,c5,p28,l3,1
i06,e09,c5,p28,l2,35
i17,e04,c5,p08,l3,50
i38,e10,c1,p08,l2,36
i06,e10,c3,p31,l4,1
i17,e08,c5,p18,l3,18
i38,e08,c1,p04,l2,126
i16,e01,c5,p19,l3,10
i14,e11,c5,p18,l3,4
i05,e12,c1,p24,l3,7
i34,e03,c5,p18,l3,39
i38,e01,c4,p01,l3,4
i06,e04,c5,p31,l1,12
i43,e01,c1,p28,l3,1
i33,e03,c1,p05,l3,2
i06,e10,c3,p10,l1,2
i05,e06,c1,p28,l3,1
i14,e08,c5,p14,l3,7
i05,e03,c1,p09,l3,2
i23,e08,c5,p16,l3,1
i02,e04,c1,p32,l3,7
i38,e12,c1,p03,l3,3
i17,e08,c5,p20,l3,19
i16,e08,c5,p35,l3,1
i41,e04,c1,p23,l3,4
i34,e05,c5,p10,l3,2
i16,e04,c3,p13,l3,2
i01,e08,c1,p16,l3,1
i38,e10,c4,p21,l1,1
i23,e09,c5,p17,l3,3
i03,e04,c5,p24,l3,1
i31,e01,c4,p35,l3,1
i41,e07,c1,p13,l3,1
i06,e02,c5,p19,l1,3
i36,e08,c5,p35,l3,12
i27,e04,c5,p19,l3,12
i39,e01,c5,p23,l3,3
i29,e09,c5,p17,l3,1
i06,e07,c5,p19,l2,1
i43,e08,c1,p29,l3,1
i14,e01,c5,p08,l3,1
i38,e07,c1,p11,l2,1
i39,e04,c5,p25,l3,2
i41,e09,c1,p03,l3,3
i43,e12,c1,p23,l3,1
i01,e05,c1,p35,l3,1
i41,e01,c1,p29,l3,1
i23,e08,c5,p05,l3,1
i06,e10,c5,p23,l3,16973
i06,e10,c5,p06,l3,24080
i06,e10,c5,p15,l4,5453
i38,e10,c1,p17,l3,11557
i38,e10,c1,p25,l4,551
i38,e10,c1,p06,l4,774
i01,e08,c1,p35,l3,628
i06,e09,c5,p24,l2,107
i38,e04,c1,p15,l1,23
i38,e05,c1,p14,l1,1
i02,e04,c1,p06,l3,36
i38,e06,c1,p22,l3,305
i06,e09,c5,p32,l2,20
i06,e10,c5,p15,l2,107
i16,e01,c5,p15,l3,2
i38,e10,c1,p21,l1,18
i17,e04,c5,p18,l3,36
i17,e11,c5,p03,l3,29
i38,e10,c4,p35,l4,10
i05,e03,c1,p10,l3,6
i41,e08,c1,p35,l3,39
i17,e04,c5,p10,l3,258
i38,e10,c4,p17,l4,23
i38,e09,c1,p12,l2,25
i42,e05,c5,p14,l3,5
i34,e08,c5,p35,l3,40
i06,e08,c5,p31,l2,147
i16,e08,c5,p12,l3,38
i41,e01,c1,p28,l3,1
i43,e01,c1,p23,l3,6
i02,e09,c1,p09,l3,19
i38,e12,c1,p02,l3,2
i06,e11,c3,p28,l2,22
i23,e04,c5,p17,l3,5
i38,e12,c1,p22,l3,3
i38,e04,c1,p14,l1,10
i38,e10,c1,unknown,l3,6
i16,e09,c5,p03,l3,1
i21,e05,c1,p15,l3,1
i05,e03,c1,p14,l3,1
i02,e09,c1,p23,l3,8
i46,e08,c1,p05,l3,3
i34,e09,c5,p12,l3,11
i13,e10,c5,p19,l3,2
i03,e10,c5,p16,l3,7
i14,e04,c5,p11,l3,2
i33,e08,c1,p17,l3,1
i06,e02,c5,p35,l1,2
i34,e04,c5,p23,l3,2
i08,e08,c1,p10,l3,4
i23,e01,c5,p35,l3,1
i05,e07,c1,p05,l3,1
i32,e04,c5,p05,l3,3
i67,e01,c5,p04,l3,1
i03,e08,c5,p06,l3,3
i43,e09,c1,p08,l3,2
i12,e04,c5,p24,l3,8
i74,e04,c5,p10,l3,4
i25,e03,c5,p12,l3,1
i41,e09,c1,p18,l3,2
i02,e08,c4,p28,l3,4
i07,e09,c5,p02,l3,4
i17,e08,c5,p25,l3,1
i12,e08,c5,p03,l3,1
i05,e08,c1,p25,l3,1
i25,e03,c5,p01,l3,1
i17,e01,c5,p32,l3,1
i21,e04,c1,p19,l3,4
i21,e09,c1,p21,l3,1
i38,e10,c1,p15,l4,2771
i06,e10,c5,p17,l3,34305
i06,e10,c5,p16,l4,5069
i06,e10,c5,p13,l4,2725
i06,e10,c5,p19,l1,154
i12,e09,c5,p16,l3,7
i06,e10,c5,p16,l1,75
i34,e03,c5,p24,l3,61
i38,e07,c1,p10,l2,13
i31,e09,c1,p35,l3,20
i06,e12,c5,p07,l3,242
i06,e12,c5,p03,l3,320
i38,e01,c4,p03,l3,12
i46,e04,c1,p19,l3,30
i02,e01,c1,p29,l3,33
i06,e11,c5,p07,l2,523
i46,e11,c1,p19,l3,197
i41,e01,c1,p04,l3,10
i38,e10,c4,p04,l3,137
i05,e12,c1,p03,l3,18
i06,e01,c5,p07,l3,91
i17,e01,c5,p22,l3,3
i38,e04,c1,p03,l1,45
i34,e03,c5,p13,l3,22
i41,e08,c1,p03,l3,22
i02,e08,c1,p14,l3,366
i16,e01,c5,p10,l3,10
i05,e06,c1,p35,l3,40
i06,e09,c5,p23,l2,58
i41,e08,c1,p01,l3,18
i38,e10,c1,p06,l1,17
i06,e01,c5,p25,l3,24
i01,e01,c1,p06,l3,4
i01,e09,c1,p10,l3,10
i34,e03,c5,p31,l3,17
i23,e08,c5,p12,l3,24
i05,e06,c1,p22,l3,2
i05,e12,c1,p01,l3,11
i38,e01,c1,unknown,l3,4
i30,e04,c1,p21,l3,22
i05,e01,c1,p21,l3,19
i17,e08,c5,p02,l3,11
i16,e04,c5,p25,l3,6
i22,e02,c5,p24,l3,1
i16,e04,c5,p18,l3,5
i17,e09,c5,p08,l3,4
i21,e04,c1,p04,l3,1
i02,e04,c1,p22,l3,29
i39,e09,c5,p14,l3,10
i34,e08,c5,p24,l3,20
i14,e08,c5,p01,l3,20
i23,e08,c5,p35,l3,2
i41,e04,c1,p04,l3,3
i46,e08,c1,p10,l3,36
i17,e09,c5,p07,l3,9
i46,e08,c1,p11,l3,2
i38,e04,c1,p25,l1,3
i38,e12,c1,p14,l3,2
i07,e11,c5,p35,l3,2
i43,e05,c1,p10,l3,1
i38,e12,c1,p01,l3,4
i01,e08,c1,p03,l3,2
i30,e01,c1,p14,l3,2
i43,e01,c1,p16,l3,1
i16,e08,c5,p02,l3,2
i42,e02,c5,p06,l3,1
i46,e09,c1,p24,l3,2
i06,e08,c5,p09,l2,2037
i06,e12,c5,p01,l3,310
i06,e10,c5,p16,l3,48778
i34,e08,c5,p04,l3,12
i17,e04,c5,p19,l3,120
i28,e08,c1,p35,l3,33241
i02,e08,c4,p25,l3,43
i17,e08,c5,p12,l3,61
i14,e08,c5,p24,l3,11
i06,e04,c5,p05,l1,271
i39,e04,c5,p05,l3,72
i17,e01,c5,p28,l3,6
i38,e11,c1,p19,l2,607
i38,e09,c1,p21,l2,71
i23,e10,c5,p04,l3,12
i34,e04,c5,p10,l3,67
i34,e04,c5,p35,l3,38
i38,e01,c1,p15,l3,69
i38,e08,c1,p11,l2,287
i23,e03,c5,p19,l3,4
i16,e08,c5,p10,l3,60
i41,e08,c1,p23,l3,1
i16,e08,c5,p19,l3,24
i17,e04,c5,p32,l3,42
i16,e08,c5,p21,l3,56
i38,e10,c1,p17,l1,19
i12,e04,c5,p09,l3,1
i01,e08,c1,p17,l3,3
i05,e07,c1,p18,l3,2
i02,e08,c1,p28,l3,12
i38,e10,c1,p07,l1,26
i38,e10,c1,unknown,l4,22
i27,e01,c5,p22,l3,2
i06,e10,c3,p17,l3,99
i06,e11,c3,p21,l2,2
i27,e10,c5,p24,l3,6
i34,e09,c5,p19,l3,14
i13,e08,c5,p06,l3,22
i30,e09,c1,p13,l3,2
i38,e05,c1,p22,l1,1
i01,e09,c1,p24,l3,2
i06,e10,c5,p22,l1,27
i05,e09,c1,p11,l3,1
i34,e04,c5,p20,l3,14
i38,e06,c1,p31,l3,32
i05,e03,c1,p21,l3,1
i06,e10,c5,p30,l1,5
i38,e07,c1,p04,l2,2
i76,e01,c5,p35,l3,1
i30,e01,c1,p07,l3,12
i03,e01,c5,p19,l3,2
i33,e08,c1,p01,l3,4
i02,e08,c4,p05,l3,1
i43,e09,c1,p19,l3,7
i41,e09,c1,p11,l3,3
i23,e09,c5,p35,l3,3
i38,e10,c4,p03,l1,3
i30,e01,c1,p12,l3,7
i38,e10,c1,p14,l1,2
i03,e10,c5,p06,l3,2
i12,e01,c5,p10,l3,1
i02,e06,c1,p19,l3,1
i13,e04,c5,p01,l3,1
i13,e08,c5,p22,l3,2
i43,e04,c1,p09,l3,1
i01,e01,c1,p01,l3,1
i41,e04,c1,p14,l3,1
i01,e01,c1,p13,l3,3
i38,e05,c1,p17,l1,1
i31,e12,c1,p35,l3,1
i34,e04,c5,p08,l3,1
i06,e10,c5,p18,l4,2692
i06,e09,c5,p22,l2,107
i06,e10,c5,p19,l4,9895
i06,e10,c5,p18,l3,28864
i06,e09,c5,p19,l2,308
i06,e12,c5,p02,l3,65
i46,e08,c1,p35,l3,937
i06,e11,c5,p24,l2,566
i38,e08,c4,p13,l2,10
i34,e04,c5,p14,l3,8
i34,e04,c5,p05,l3,26
i38,e10,c7,p10,l2,6
i17,e11,c5,p10,l3,836
i06,e10,c3,p19,l3,243
i39,e01,c5,p24,l3,14
i38,e10,c1,p22,l1,7
i38,e12,c1,p15,l3,692
i17,e11,c5,p01,l3,106
i38,e01,c1,p16,l3,35
i02,e01,c1,p21,l3,168
i06,e10,c3,p16,l4,9
i34,e08,c5,p07,l3,103
i24,e08,c4,p06,l3,10
i16,e04,c5,p22,l3,3
i30,e09,c1,p23,l3,1
i38,e10,c1,p08,l1,5
i38,e08,c1,p12,l2,306
i34,e08,c5,p09,l3,32
i05,e12,c1,p10,l3,102
i07,e08,c5,p19,l3,2
i14,e09,c5,p12,l3,1
i17,e04,c5,p22,l3,15
i01,e08,c1,p04,l3,12
i09,e01,c5,p01,l3,1
i38,e01,c1,p12,l3,54
i05,e06,c1,p19,l3,20
i38,e09,c1,p14,l2,9
i05,e12,c1,p23,l3,3
i13,e08,c5,p04,l3,2
i17,e08,c5,p32,l3,14
i16,e04,c5,p28,l3,6
i16,e01,c5,p22,l3,2
i06,e10,c5,p06,l1,37
i38,e12,c1,p11,l3,4
i12,e01,c5,p16,l3,4
i01,e04,c1,p35,l3,30
i41,e01,c1,p25,l3,2
i23,e04,c5,p01,l3,12
i34,e04,c5,p25,l3,2
i16,e04,c5,p20,l3,2
i02,e11,c1,p17,l3,1
i46,e11,c1,p21,l3,1
i46,e08,c1,p13,l3,1
i06,e05,c5,p08,l1,5
i23,e03,c5,p03,l3,5
i41,e08,c1,p21,l3,8
i13,e03,c5,p16,l3,2
i38,e09,c1,p32,l2,3
i06,e10,c3,p01,l4,4
i27,e04,c5,p29,l3,11
i23,e01,c5,p01,l3,3
i23,e05,c5,p10,l3,3
i06,e02,c5,p24,l1,2
i05,e01,c1,p28,l3,8
i30,e04,c1,p35,l3,5
i06,e10,c5,p27,l3,4
i13,e01,c5,p35,l3,3
i38,e12,c1,p25,l3,2
i41,e09,c1,p28,l3,3
i29,e01,c5,p13,l3,1
i05,e06,c1,p23,l3,2
i41,e01,c1,p11,l3,3
i14,e01,c5,p15,l3,3
i41,e01,c1,p26,l3,2
i27,e04,c5,p02,l3,1
i05,e01,c1,p02,l3,1
i13,e09,c5,p35,l3,2
i05,e08,c1,p18,l3,1
i30,e09,c1,p09,l3,1
i07,e01,c5,p16,l3,1
i06,e08,c5,p10,l2,6011
i06,e08,c5,p35,l2,2861
i02,e04,c1,p03,l3,393
i06,e12,c5,p10,l3,720
i06,e11,c5,p29,l2,371
i06,e08,c5,p04,l2,977
i06,e04,c5,p17,l1,218
i39,e04,c5,p07,l3,55
i39,e04,c5,p16,l3,34
i02,e04,c1,p19,l3,933
i02,e01,c1,p17,l3,102
i01,e08,c1,p06,l3,9
i05,e07,c1,p21,l3,13
i38,e10,c7,p10,l3,27
i06,e09,c5,p01,l2,111
i38,e10,c1,p01,l2,90
i39,e09,c5,p35,l3,141
i17,e11,c5,p28,l3,17
i32,e08,c5,p15,l3,3
i38,e04,c1,p18,l1,71
i38,e10,c4,p10,l3,777
i34,e08,c5,p06,l3,29
i06,e04,c5,p08,l1,86
i02,e08,c1,p22,l3,65
i12,e08,c5,p11,l3,6
i41,e07,c1,p15,l3,3
i17,e01,c5,p16,l3,21
i06,e09,c5,p06,l2,55
i02,e01,c1,p12,l3,66
i03,e08,c5,p12,l3,4
i06,e10,c5,p24,l2,41
i38,e10,c4,p32,l3,23
i14,e08,c5,p17,l3,7
i17,e04,c5,p05,l3,74
i39,e01,c5,p15,l3,10
i39,e01,c5,p01,l3,7
i09,e01,c5,p35,l3,3
i22,e05,c5,p35,l3,46
i06,e02,c5,p04,l1,1
i41,e01,c1,p13,l3,3
i38,e06,c4,unknown,l3,32
i05,e01,c1,p03,l3,3
i43,e01,c1,p15,l3,16
i23,e04,c5,p07,l3,17
i30,e04,c1,p14,l3,4
i19,e09,c5,p10,l3,16
i59,e04,c5,p12,l3,31
i41,e11,c1,p01,l3,4
i05,e06,c1,p14,l3,4
i34,e03,c5,p30,l3,14
i14,e08,c5,p21,l3,9
i01,e04,c1,p25,l3,1
i05,e12,c1,p05,l3,4
unknown,e10,c5,p10,l3,9
i43,e01,c1,p29,l3,3
i68,e12,c1,p10,l3,8
i17,e11,c5,p26,l3,3
i100,e04,c5,p35,l3,8
i12,e04,c5,p03,l3,2
i16,e01,c5,p07,l3,6
i34,e01,c5,p31,l3,1
i34,e09,c5,p14,l3,4
i39,e09,c5,p13,l3,3
i41,e01,c1,p02,l3,2
i43,e08,c1,p28,l3,5
i14,e08,c5,p04,l3,4
i37,e08,c5,p33,l3,5
i05,e04,c1,p22,l3,1
i16,e09,c5,p02,l3,1
i22,e05,c5,p05,l3,1
i22,e05,c5,p16,l3,1
i39,e09,c5,p31,l3,1
i38,e10,c4,p22,l4,2
i43,e03,c1,p28,l3,1
i03,e01,c5,p21,l3,1
i06,e02,c5,p10,l1,1
i38,e10,c1,p01,l3,23612
i06,e11,c5,p17,l2,328
i17,e11,c5,p24,l3,71
i06,e08,c5,p18,l2,2010
i06,e08,c5,p28,l2,720
i17,e01,c5,p10,l3,79
i06,e11,c5,p12,l2,350
i38,e06,c1,p02,l3,518
i06,e08,c5,p23,l2,1310
i06,e01,c5,p06,l3,144
i38,e10,c1,p24,l4,1540
i06,e12,c5,p08,l3,39
i06,e10,c5,p25,l3,9471
i34,e03,c5,p07,l3,51
i38,e01,c1,p17,l3,62
i42,e05,c3,p02,l3,19
i39,e04,c5,p01,l3,43
i75,e01,c1,p35,l3,1
i34,e03,c5,p15,l3,48
i06,e01,c5,p23,l3,48
i74,e08,c5,p10,l3,24
i38,e09,c1,p19,l2,227
i34,e04,c5,p01,l3,61
i46,e08,c1,p12,l3,19
i32,e09,c5,p10,l3,1
i06,e10,c5,p14,l1,31
i38,e10,c4,p12,l4,44
i06,e10,c3,p03,l4,29
i06,e11,c5,p30,l2,5
i17,e11,c5,p07,l3,53
i16,e08,c5,p29,l3,3
i06,e10,c5,p04,l1,19
i38,e12,c1,p05,l3,43
i38,e10,c4,p02,l4,25
i05,e01,c1,p05,l3,6
i39,e01,c5,p12,l3,12
i06,e10,c5,p17,l1,60
i05,e11,c1,p03,l3,3
i17,e11,c5,p23,l3,50
i38,e10,c1,p32,l2,26
i05,e01,c1,p17,l3,12
i07,e11,c5,p05,l3,2
i23,e01,c5,p10,l3,15
i23,e04,c5,p11,l3,3
i09,e01,c5,p24,l3,151
i38,e10,c1,p14,l2,26
i34,e09,c5,p04,l3,2
i14,e04,c5,p24,l3,7
i38,e08,c4,p02,l2,8
i42,e05,c5,p19,l3,3
i09,e09,c5,p24,l3,91
i05,e12,c1,p31,l3,1
i22,e02,c5,p35,l3,4
i03,e04,c5,p22,l3,1
i05,e01,c1,p08,l3,1
i06,e08,c3,p18,l2,3
i43,e08,c1,p18,l3,7
i27,e04,c5,p22,l3,1
i43,e09,c1,p03,l3,11
i21,e03,c1,p11,l3,3
i03,e08,c5,p16,l3,1
i38,e10,c4,unknown,l2,2
i38,e08,c1,p31,l2,1
i38,e10,c4,p18,l4,7
i06,e10,c5,p20,l2,12
i17,e01,c5,p24,l3,3
i43,e03,c1,p07,l3,2
i14,e09,c5,p11,l3,4
i13,e01,c5,p19,l3,3
i12,e09,c5,p10,l3,2
i07,e08,c5,p24,l3,1
i46,e04,c1,p17,l3,1
i38,e01,c7,p32,l3,1
i07,e12,c5,p07,l3,1
i61,e01,c1,p35,l3,2
i43,e01,c1,p18,l3,1
i46,e08,c1,p29,l3,1
i32,e08,c5,p17,l3,1
i33,e08,c1,p12,l3,3
i13,e11,c5,p05,l3,1
i15,e01,c2,p35,l3,2357
i06,e12,c5,p15,l3,424
i47,e04,c1,p35,l3,171
i02,e08,c1,p03,l3,976
i06,e12,c5,p11,l3,666
i38,e06,c1,p29,l3,248
i06,e10,c5,p31,l3,2993
i05,e12,c1,p28,l3,3
i06,e10,c3,p10,l3,159
i39,e04,c5,p10,l3,50
i02,e01,c1,p01,l3,258
i38,e11,c1,p12,l2,185
i12,e04,c5,p07,l3,11
i06,e08,c3,p03,l2,3
i34,e03,c5,p22,l3,33
i06,e09,c5,p14,l2,36
i02,e08,c1,p25,l3,110
i38,e10,c1,p22,l2,27
i38,e06,c1,p20,l3,41
i32,e01,c5,p21,l3,2
i38,e10,c1,p26,l4,92
i05,e07,c1,p19,l3,9
i16,e09,c5,p29,l3,1
i17,e01,c5,p20,l3,1
i05,e04,c1,p11,l3,3
i05,e01,c1,p13,l3,3
i30,e09,c1,p18,l3,8
i39,e04,c5,p23,l3,7
i05,e01,c1,p10,l3,37
i19,e10,c5,p10,l4,49
i95,e04,c5,p35,l3,6
i38,e09,c1,p09,l2,41
i06,e08,c5,unknown,l2,1
i12,e01,c5,p19,l3,11
i66,e01,c3,p10,l3,2
i41,e09,c1,p15,l3,1
i38,e09,c1,p08,l2,15
i05,e06,c1,p24,l3,7
i06,e10,c5,p26,l2,35
i13,e03,c5,p35,l3,4
i41,e09,c1,p19,l3,13
i17,e09,c5,p24,l3,4
i14,e08,c3,p17,l3,2
i38,e07,c1,p06,l2,3
i13,e11,c5,p11,l3,13
i14,e08,c5,p22,l3,1
i38,e10,c4,p12,l1,2
i06,e05,c5,p10,l1,4
i34,e01,c5,p29,l3,2
i63,e10,c1,p35,l3,2
i39,e01,c5,p09,l3,1
i38,e10,c1,unknown,l3,7
i38,e11,c4,p11,l2,1
i38,e05,c1,p35,l1,3
i23,e04,c5,p35,l3,2
i38,e11,c7,p10,l2,2
i100,e08,c5,p10,l3,1
i30,e09,c1,p16,l3,1
i06,e10,c5,p27,l4,3
i01,e01,c1,p29,l3,1
i01,e04,c1,p22,l3,1
i02,e01,c1,p32,l3,1
i27,e04,c5,p07,l3,1
i43,e01,c1,p22,l3,2
i16,e04,c5,p04,l3,1
i38,e12,c1,p16,l3,1
i05,e03,c1,p11,l3,1
i06,e02,c5,p06,l1,1
i38,e10,c1,p10,l4,16333
i06,e10,c5,p03,l4,4096
i06,e12,c5,p21,l3,375
i06,e11,c5,p23,l2,239
i06,e08,c5,p17,l2,3708
i06,e11,c5,p10,l2,1756
i14,e08,c5,p19,l3,127
i38,e10,c1,p15,l3,15280
i41,e11,c1,p10,l3,5
i38,e08,c1,p07,l2,379
i15,e04,c6,p35,l3,90
i02,e08,c1,p20,l3,54
i38,e08,c1,p22,l2,49
i38,e10,c1,p01,l1,55
i19,e01,c5,p10,l3,30
i14,e08,c5,p11,l3,89
i02,e01,c1,p11,l3,236
i23,e01,c5,p19,l3,3
i38,e06,c1,p21,l3,917
i06,e10,c3,p21,l3,91
i34,e01,c5,p10,l3,46
i39,e04,c5,p17,l3,23
i17,e11,c5,p12,l3,124
i05,e01,c1,p35,l3,53
i34,e03,c5,p03,l3,89
i05,e08,c1,p09,l3,7
i06,e10,c5,p32,l2,28
i34,e08,c5,p05,l3,33
i06,e10,c5,p21,l2,81
i06,e10,c3,p25,l4,3
i38,e10,c4,p21,l3,275
i41,e09,c1,p17,l3,9
i17,e09,c5,p10,l3,63
i02,e01,c1,p16,l3,71
i03,e04,c5,p15,l3,6
i06,e10,c3,p20,l3,14
i43,e09,c1,p35,l3,25
i06,e10,c5,p07,l2,47
i05,e03,c1,p19,l3,10
i06,e12,c3,p03,l3,3
i23,e04,c5,p03,l3,12
i12,e04,c5,p02,l3,2
i16,e08,c5,p04,l3,21
i38,e10,c1,p16,l1,9
i06,e10,c5,p02,l1,30
i06,e10,c5,p08,l2,21
i16,e08,c5,p28,l3,2
i42,e05,c5,p35,l3,4
i13,e08,c5,p14,l3,7
i16,e08,c5,p03,l3,9
i13,e11,c5,p02,l3,11
i17,e01,c5,p14,l3,18
i26,e09,c1,p35,l3,4
i38,e10,c1,unknown,l3,38
i14,e09,c5,p16,l3,1
i13,e11,c5,p29,l3,10
i14,e12,c5,p28,l3,2
i01,e09,c1,p13,l3,3
i43,e09,c1,p13,l3,5
i38,e04,c1,p32,l1,8
i46,e11,c1,p11,l3,1
i33,e10,c1,p15,l3,4
i41,e11,c1,p21,l3,7
i41,e09,c1,p07,l3,1
i67,e10,c5,p03,l3,4
i13,e08,c5,p07,l3,1
i05,e03,c1,p03,l3,2
i17,e01,c5,p25,l3,1
i05,e04,c1,p16,l3,1
i06,e08,c3,p15,l2,3
i01,e09,c1,p04,l3,1
i34,e01,c5,p28,l3,2
i14,e11,c5,p29,l3,1
i19,e10,c5,p35,l2,3
i38,e11,c1,unknown,l2,1
i88,e11,c1,p35,l3,3
i41,e11,c1,p12,l3,1
i43,e04,c1,p03,l3,1
i14,e11,c5,p01,l3,2
i42,e02,c5,p05,l3,1
i46,e08,c1,p04,l3,1
i25,e03,c5,p21,l3,1
i05,e12,c1,p22,l3,1
i24,e09,c1,p17,l3,1
i16,e01,c5,p31,l3,1
i16,e09,c5,p17,l3,1
i06,e12,c5,p05,l3,319
i07,e08,c5,p05,l3,3
i06,e12,c5,p35,l3,240
i17,e11,c5,p16,l3,175
i38,e10,c1,p09,l4,849
i38,e09,c1,p05,l2,36
i38,e06,c1,p04,l3,650
i38,e10,c1,p19,l1,53
i34,e03,c5,p14,l3,44
i06,e11,c5,p18,l2,288
i01,e01,c1,p35,l3,30
i36,e04,c5,p35,l3,2
i34,e03,c5,p35,l3,226
i15,e09,c6,p35,l3,37
i02,e09,c1,p15,l3,100
i02,e01,c1,p19,l3,564
i30,e09,c1,p19,l3,15
i38,e06,c1,p13,l3,1014
i13,e11,c5,p17,l3,3
i38,e10,c1,p12,l2,45
i06,e04,c5,p23,l1,106
i06,e04,c5,p22,l1,195
i06,e09,c5,p21,l2,136
i02,e09,c1,p11,l3,203
i33,e03,c1,p18,l3,2
i05,e07,c1,p35,l3,18
i34,e01,c5,p04,l3,3
i05,e04,c1,p35,l3,70
i06,e10,c5,p18,l2,118
i12,e09,c5,p11,l3,1
i14,e12,c5,p11,l3,94
i06,e10,c5,p33,l3,150
i34,e03,c5,p02,l3,32
i49,e11,c1,p33,l3,5
i39,e09,c5,p12,l3,9
i06,e09,c5,p08,l2,31
i02,e08,c1,p32,l3,2
i12,e04,c5,p14,l3,3
i17,e09,c5,p29,l3,24
i13,e03,c5,p10,l3,3
i39,e04,c5,p09,l3,12
i06,e01,c3,p15,l3,2
i07,e08,c5,p15,l3,59
i38,e11,c1,p31,l2,6
i43,e01,c1,p12,l3,5
i14,e04,c5,p04,l3,7
i39,e09,c5,p06,l3,2
i23,e11,c5,p12,l3,32
i38,e12,c1,p21,l3,481
i32,e08,c5,p01,l3,4
i38,e04,c1,p08,l1,37
i12,e01,c5,p06,l3,2
i16,e01,c5,p17,l3,2
i89,e09,c1,p01,l3,1
i23,e04,c5,p05,l3,6
i41,e04,c1,p19,l3,13
i41,e11,c1,p05,l3,6
i38,e05,c1,p01,l1,1
i23,e01,c5,p03,l3,2
i23,e08,c5,p10,l3,3
i21,e03,c1,p18,l3,2
i30,e04,c1,p13,l3,1
i12,e04,c5,p06,l3,3
i23,e03,c5,p11,l3,1
i06,e07,c5,p21,l2,1
i45,e04,c1,p35,l3,1
i21,e04,c1,p10,l3,2
i07,e12,c5,p29,l3,1
i21,e03,c1,p15,l3,2
i66,e04,c3,p32,l3,1
i13,e08,c5,p32,l3,2
i14,e12,c5,p22,l3,2
